ID_chainID,ID_resSeq,ID_iCode,ID_serial,ID_altLoc,ID_resName,ID_name,atom_index,residue_index,atom_type,residue_type,center_x,center_y,center_z,radius,voromqa_sas_potential,residue_mean_sas_potential,residue_sum_sas_potential,residue_size,sas_area,solvdir_x,solvdir_y,solvdir_z,voromqa_sas_energy,voromqa_depth,voromqa_score_a,voromqa_score_r,volume,volume_vdw,ufsr_a1,ufsr_a2,ufsr_a3,ufsr_b1,ufsr_b2,ufsr_b3,ufsr_c1,ufsr_c2,ufsr_c3,ev28,ev56,ground_truth
A,1,.,.,.,THR,.,0,0,16,16,-6.22785714285714,9.22228571428571,23.8565714285714,2.01,1.92461,0.687219,4.81053,7,149.1954847,-0.284919771428571,0.336761557142857,0.364797885714286,122.384582,1.14285714285714,0.167298685714286,0.167299,451.7627,93.38025,28.8673,125.127,444.438,39.1789,174.155,-2008.04,29.9055,151.619,1061.2,0.385987485714286,0.381099471428571,0.177777
A,2,.,.,.,PRO,.,1,1,14,14,-3.74071428571429,6.67642857142857,24.8031428571429,1.92,1.84162,0.491625,3.44137,7,39.5069459,-0.297490128571429,-0.198225285714286,0.424649,-0.310348500000001,1.14285714285714,0.356392285714286,0.356392,247.27741,88.54837,29.5265,126.162,293.772,39.1789,174.155,-2008.04,29.9055,151.619,1061.2,0.603299428571429,0.578260185714286,0.175452
A,3,.,.,.,ALA,.,2,2,0,0,-1.0608,8.596,27.6826,1.92,1.97378,0.96356,4.8178,5,134.416717,-0.115200058,0.0205586,0.5171942,30.7535459,1,0.1942493,0.194249,345.4233,64.21244,31.6271,125.133,28.6238,39.1789,174.155,-2008.04,29.9055,151.619,1061.2,0.0915995,0.08561912,0.161198
A,4,.,.,.,GLY,.,3,3,7,7,2.351,8.79175,27.29375,1.9,1.11007,0.529328,2.11731,4,55.77084,0.1748475,0.86485425,-0.1144065,13.55995,1,0.3115445,0.311545,184.6811,46.40272,32.8833,121.978,-210.657,39.1789,174.155,-2008.04,29.9055,151.619,1061.2,0.058152425,0.054700675,0.0103197
A,5,.,.,.,PRO,.,4,4,14,14,5.25942857142857,7.12114285714286,27.424,1.92,1.84162,0.491625,3.44137,7,175.44347,0.222242014285714,0.260768142857143,0.206657428571429,-20.528714,1.14285714285714,0.2712884,0.271288,458.31466,88.67726,32.0097,115.663,-326.803,39.1789,174.155,-2008.04,29.9055,151.619,1061.2,0.425861657142857,0.618686657142857,0.0600024
A,6,.,.,.,LEU,.,5,5,10,10,5.554125,3.930875,23.423625,2.01,2.13035,1.31155,10.4924,8,45.57226,0.25183625,0.27788525,-0.117290625,38.86339,1.375,0.252931,0.252931,316.0539,114.18679,29.8507,113.576,-282.364,39.1789,174.155,-2008.04,29.9055,151.619,1061.2,1.061518125,1.20983225,0.0463511
A,7,.,.,.,THR,.,6,6,16,16,8.16157142857143,1.08228571428571,25.3248571428571,2.01,1.92461,0.687219,4.81053,7,71.20290754,-0.0525211428571429,0.0715071428571429,0.41267338,-5.82925209,1.14285714285714,0.291841285714286,0.291841,311.2825,88.26694,30.7602,115.127,-428.212,39.1789,174.155,-2008.04,29.9055,151.619,1061.2,0.5334798,0.875957728571429,0.0400919
A,8,.,.,.,LEU,.,7,7,10,10,9.6455,0.31075,21.2405,2.01,2.13035,1.31155,10.4924,8,57.968592,0.4387225,0.37344325,0.152863125,46.714018,1.375,0.1830085,0.183009,323.4389,114.05095,29.2351,108.666,-415.103,39.1789,174.155,-2008.04,29.9055,151.619,1061.2,0.8288695625,0.8260322,0.0672892
A,9,.,.,.,SER,.,8,8,15,15,10.9653333333333,-4.21566666666667,21.9608333333333,1.91,1.73647,0.568003,3.40802,6,91.75210205,0.4398415,-0.335153416666667,0.1626555,11.444806525,1.33333333333333,0.3232985,0.323298,278.774,69.7674,30.4069,112.129,-474.972,39.1789,174.155,-2008.04,29.9055,151.619,1061.2,0.69417065,0.693216483333333,0.0373119
A,10,.,.,.,GLY,.,9,9,7,7,11.31025,-3.09375,18.6575,1.9,1.11007,0.529328,2.11731,4,17.4767,0.23486525,-0.0805655,-0.0291125,-0.511993,1.75,0.373811,0.373811,118.7585,46.8664,28.8449,101.371,-392.576,39.1789,174.155,-2008.04,29.9055,151.619,1061.2,1.50505355,1.504595525,0.0295823
A,11,.,.,.,GLN,.,10,10,5,5,11.8567777777778,0.184555555555556,15.6818888888889,1.91,1.77783,0.304099,2.73689,9,131.373446,0.508118222222222,0.356887555555556,0.0116762777777778,-31.250679,1.22222222222222,0.542316333333333,0.542316,421.3623,105.79661,27.1116,89.7839,-295.216,39.1789,174.155,-2008.04,29.9055,151.619,1061.2,0.538258355555556,0.521573886666667,0.0916781
A,12,.,.,.,GLY,.,11,11,7,7,12.33475,-1.3895,11.849,1.9,1.11007,0.529328,2.11731,4,19.1895,0.20999725,0.1356375,-0.0018942225,-0.562171,1.75,0.629103,0.629103,111.6042,45.57271,26.5987,81.1453,-229.662,29.1114,120.646,-77.4176,41.3397,175.29,-1952.1,1.50627555,1.505974925,0.0266751
A,13,.,.,.,SER,.,12,12,15,15,13.5775,-1.43883333333333,8.27483333333333,1.91,1.73647,0.568003,3.40802,6,76.903876,0.50327,0.220018,0.152764416666667,1.429875,1.33333333333333,0.508630666666667,0.508631,265.4337,70.21271,25.2643,74.0731,-173.067,29.1114,120.646,-77.4176,41.3397,175.29,-1952.1,0.742379383333333,0.741194761666667,0.0610862
A,14,.,.,.,PHE,.,13,13,13,13,11.7524545454545,-5.43036363636364,6.37972727272727,1.91,2.05442,1.19411,13.1352,11,50.9510194,0.448550818181818,-0.447552909090909,0.227059,50.5676514,1.27272727272727,0.477352027272727,0.477352,328.63073,134.64176,25.314,75.9007,-164.649,31.5942,143.565,-252.248,41.3397,175.29,-1952.1,0.847512945454545,0.815573736363636,0.0321048
A,15,.,.,.,PHE,.,14,14,13,13,12.9854545454545,-3.39118181818182,1.64872727272727,1.91,2.05442,1.19411,13.1352,11,93.35987,0.473592,-0.0361121818181818,-0.0302659636363636,76.20186,1.45454545454545,0.261717136363636,0.261717,414.27206,135.18268,24.4566,75.1417,-170.957,31.5942,143.565,-252.248,41.3397,175.29,-1952.1,1.137822,1.13785463636364,0.0335406
A,16,.,.,.,VAL,.,15,15,19,19,9.70728571428571,-8.08442857142857,0.867,2.01,2.38596,1.30011,9.1008,7,0,0,0,0,0,2,0.332318857142857,0.332319,139.438,97.17536,24.0828,76.1645,-169.656,31.5942,143.565,-252.248,41.3397,175.29,-1952.1,2,2,0.0419394
A,17,.,.,.,GLY,.,16,16,7,7,11.542,-8.77175,-2.5415,1.9,1.11007,0.529328,2.11731,4,24.7706813,0.78831,-0.57765625,0.12860723,5.6747292,1,0.30908925,0.309089,147.7437,47.12252,25.0898,81.715,-185.939,31.5942,143.565,-252.248,41.3397,175.29,-1952.1,0.52210325,0.5066165,0.0386131
A,18,.,.,.,GLY,.,17,17,7,7,12.017,-8.5685,-5.91975,1.9,1.11007,0.529328,2.11731,4,20.681981,-0.29621075,-0.46626875,-0.150799225,3.370211,1.25,0.25128525,0.251286,144.3459,46.98901,25.8775,89.1566,-240.55,31.5942,143.565,-252.248,41.3397,175.29,-1952.1,0.86161725,0.78995075,0.0752903
A,19,.,.,.,ARG,.,18,18,1,1,11.0094545454545,-7.63454545454545,-10.988,1.92,1.84464,0.247832,2.72615,11,123.263015,-0.00371305454545455,-0.335709,-0.259117709090909,-38.442676,1.45454545454545,0.317577454545455,0.317577,495.2958,136.97113,27.8734,101.017,-301.933,31.5942,143.565,-252.248,41.3397,175.29,-1952.1,1.01408172727273,1.01296472727273,0.0981588
A,20,.,.,.,ASP,.,19,19,3,3,16.940375,-8.1945,-10.36575,1.91,1.71635,0.28986,2.31888,8,135.40584,0.338637124,-0.4684022,0.0380944,-31.05832,1.25,0.485866125,0.485866,395.8471,87.99329,30.1484,117.387,-487.842,31.5942,143.565,-252.248,41.3397,175.29,-1952.1,0.57369575,0.573564825,0.164016
A,21,.,.,.,VAL,.,20,20,19,19,15.6791428571429,-5.65728571428571,-14.2048571428571,2.01,2.38596,1.30011,9.1008,7,31.63142,-0.134306,-0.204632428571429,-0.330952,22.76938,1.57142857142857,0.240364571428571,0.240365,234.5897,97.20999,31.1132,129.515,-691.161,29.9055,151.619,1061.2,41.3397,175.29,-1952.1,1.22542025714286,1.22346905714286,0.0944489
A,22,.,.,.,THR,.,21,21,16,16,18.451,-5.56314285714286,-17.6482857142857,2.01,1.92461,0.687219,4.81053,7,116.2999,-0.151739,-0.483954,-0.3462218,13.18444,1.28571428571429,0.427467571428571,0.427468,380.9205,88.40601,33.6881,148.585,-1071.71,29.9055,151.619,1061.2,41.3397,175.29,-1952.1,0.629684528571429,0.627954571428571,0.12235
A,23,.,.,.,SER,.,22,22,15,15,18.1208333333333,-1.5895,-18.195,1.91,1.73647,0.568003,3.40802,6,0.933619,-0.122361,-0.0157078,-0.112066166666667,0.520465,1.83333333333333,0.519572,0.519572,120.3727,69.88602,33.7818,158.655,-1347.74,29.9055,151.619,1061.2,41.3397,175.29,-1952.1,1.78000066666667,1.7780415,0.142725
A,24,.,.,.,GLU,.,23,23,6,6,19.6995555555556,-0.544444444444445,-22.6565555555556,1.91,1.80406,0.175107,1.57596,9,122.517935619,-0.210513611111111,-0.272484066666667,-0.4623874,-71.1547471765,1.22222222222222,0.420047222222222,0.420047,417.1651,103.61916,36.2879,175.4,-1822.4,29.9055,151.619,1061.2,41.3397,175.29,-1952.1,0.6962858,0.848671955555556,0.0923618
A,25,.,.,.,THR,.,24,24,16,16,16.8052857142857,3.36442857142857,-20.1707142857143,2.01,1.92461,0.687219,4.81053,7,1.1729204,-0.0834464285714286,-0.257328714285714,-0.0853912857142857,-0.18512047,1.71428571428571,0.307392,0.307392,141.7874,87.46525,34.7655,170.298,-1714.68,29.9055,151.619,1061.2,41.3397,175.29,-1952.1,1.62368471428571,1.81074271428571,0.101584
A,26,.,.,.,LEU,.,25,25,10,10,18.92775,3.443,-15.940375,2.01,2.13035,1.31155,10.4924,8,0.90119,0.0001492625,0.10366475,0.069847,0.691133,1.875,0.1517682,0.151768,190.5941,113.43314,33.4231,158.114,-1379.2,29.9055,151.619,1061.2,41.3397,175.29,-1952.1,1.82504525,1.8231655,0.450623
A,27,.,.,.,SER,.,26,26,15,15,20.3845,7.68733333333333,-17.755,1.91,1.73647,0.568003,3.40802,6,4.1489757,-0.183334166666667,0.278315166666667,0.183669166666667,0.75678947,1.33333333333333,0.146052066666667,0.146052,135.5167,70.12947,35.3048,163.816,-1561.62,29.9055,151.619,1061.2,41.3397,175.29,-1952.1,1.05541583333333,1.27290883333333,0.299022
A,28,.,.,.,LEU,.,27,27,10,10,18.996375,10.559625,-20.47975,2.01,2.13035,1.31155,10.4924,8,96.222216,0.07884984875,0.296558375,-0.05429305,81.672977,1.125,0.1011466,0.101147,393.6802,112.00394,37.4869,171.387,-1799.83,29.9055,151.619,1061.2,41.3397,175.29,-1952.1,0.416881225,0.5774374375,0.118444
A,29,.,.,.,SER,.,28,28,15,15,23.1356666666667,11.3338333333333,-17.7863333333333,1.91,1.73647,0.568003,3.40802,6,50.89332,-0.1872915,0.0998341666666667,-0.0230285166666667,-7.62591,1.5,0.136395583333333,0.136395,226.9485,69.58976,39.1524,169.889,-1778.31,31.7331,142.96,-134.832,41.3397,175.29,-1952.1,1.18963545,1.18662591666667,0.242898
A,30,.,.,.,PRO,.,29,29,14,14,26.8197142857143,11.5904285714286,-18.0234285714286,1.92,1.84162,0.491625,3.44137,7,184.5941151904,0.426094428571429,0.0852507142857143,-0.418022528571429,-22.951386369,1,0.1856693,0.185669,475.46143,88.44891,41.3397,175.29,-1952.1,31.7331,142.96,-134.832,41.3397,175.29,-1952.1,0.07925778,0.0775736842857143,0.27668
A,31,.,.,.,LYS,.,30,30,11,11,26.1556666666667,12.5681111111111,-13.512,1.92,1.70189,0.170134,1.53121,9,283.57873,0.253652,0.0983891666666667,0.379215222222222,-141.855674,1.22222222222222,0.204075911111111,0.204076,692.5147,122.76523,39.7475,159.522,-1477.55,31.7331,142.96,-134.832,41.3397,175.29,-1952.1,0.513893188888889,0.513772855555556,0.224692
A,32,.,.,.,TYR,.,31,31,18,18,23.2845,5.894,-13.5965,1.91,2.17883,0.980299,11.7636,12,112.27511492,-0.05912985,0.0934895,0.596691166666667,60.12758038,1.25,0.0538250633333333,0.053825,470.38424,142.18634,37.4314,159.83,-1458.28,29.9055,151.619,1061.2,41.3397,175.29,-1952.1,0.90624725,0.905383083333333,0.591683
A,33,.,.,.,ASP,.,32,32,3,3,25.824,4.020125,-16.15075,1.91,1.71635,0.28986,2.31888,8,129.615579,0.362787125,-0.05165345,-0.325410125,-62.9994715,1.375,0.097668825,0.0976689,386.8076,87.91885,38.0623,172.272,-1784.11,29.9055,151.619,1061.2,41.3397,175.29,-1952.1,0.8463843,0.8403722625,0.422131
A,34,.,.,.,ALA,.,33,33,0,0,22.178,3.458,-19.0014,1.92,1.97378,0.96356,4.8178,5,36.66574,0.272875,0.0794024,-0.2779544,8.7517,1.8,0.14619514,0.146195,184.0087,64.2587,36.9721,177.408,-1925.62,29.9055,151.619,1061.2,41.3397,175.29,-1952.1,1.32033,1.317699,0.199135
A,35,.,.,.,HIS,.,34,34,8,8,23.655,-1.4128,-19.3336,1.91,1.68392,0.470428,4.70428,10,131.9571,0.5172874,-0.16834308,-0.19399272,-9.6229202,1.4,0.25780705,0.257807,448.3926,112.6787,37.3167,176.091,-1840.51,29.9055,151.619,1061.2,41.3397,175.29,-1952.1,0.66681279,0.663000437,0.255797
A,36,.,.,.,GLY,.,35,35,7,7,21.7485,-1.913,-15.95775,1.9,1.11007,0.529328,2.11731,4,13.7864,0.2126765,-0.052061,0.120658,-0.403883,1.75,0.4079755,0.407975,112.5855,46.88592,35.5068,160.721,-1390.52,29.9055,151.619,1061.2,41.3397,175.29,-1952.1,1.6218805,1.61261375,0.146073
A,37,.,.,.,THR,.,36,36,16,16,20.8905714285714,-4.10057142857143,-12.8138571428571,2.01,1.92461,0.687219,4.81053,7,97.44295,0.538222714285714,-0.164758428571429,0.296390357142857,13.53884,1.42857142857143,0.430184571428571,0.430185,344.2071,88.39405,33.2381,143.737,-972.487,29.9055,151.619,1061.2,41.3397,175.29,-1952.1,0.696119314285714,0.694838071428571,0.151814
A,38,.,.,.,VAL,.,37,37,19,19,17.3985714285714,-2.29428571428571,-11.4178571428571,2.01,2.38596,1.30011,9.1008,7,20.08547,0.0822757057142857,0.218428,0.346301142857143,15.9684,1.57142857142857,0.237903428571429,0.237903,217.4327,97.22594,30.3836,126.857,-666.697,29.9055,151.619,1061.2,41.3397,175.29,-1952.1,1.39866685714286,1.404037,0.239863
A,39,.,.,.,THR,.,38,38,16,16,15.712,-3.94585714285714,-7.677,2.01,1.92461,0.687219,4.81053,7,47.23703,0.453272,0.201572271428571,0.391027428571429,3.056119,1.28571428571429,0.370709571428571,0.37071,262.3926,88.47625,28.201,108.637,-412.488,29.9055,151.619,1061.2,41.3397,175.29,-1952.1,0.888624142857143,0.893976285714286,0.0514043
A,40,.,.,.,VAL,.,39,39,19,19,11.873,-3.72257142857143,-9.35657142857143,2.01,2.38596,1.30011,9.1008,7,0,0,0,0,0,2,0.189788714285714,0.189789,152.3583,97.16602,26.0488,96.7466,-324.2,29.9055,151.619,1061.2,41.3397,175.29,-1952.1,2,2,0.0558101
A,41,.,.,.,ASP,.,40,40,3,3,8.379,-5.058875,-7.84325,1.91,1.71635,0.28986,2.31888,8,1.00181267,-0.05727375,-0.24010225,0.027526425,-0.29514327,1.875,0.34400075,0.344001,167.3504,86.83877,24.0314,80.1052,-223.912,31.5942,143.565,-252.248,41.3397,175.29,-1952.1,1.7064895,2,0.0613983
A,42,.,.,.,GLN,.,41,41,5,5,11.4922222222222,-3.67833333333333,-3.26822222222222,1.91,1.77783,0.304099,2.73689,9,29.2502,0.199994444444444,0.0239522222222222,0.0242705888888889,-15.36216,2,0.340060111111111,0.34006,250.5175,105.88253,23.8541,77.3773,-212.402,31.5942,143.565,-252.248,41.3397,175.29,-1952.1,1.67836688888889,1.68019988888889,0.0265686
A,43,.,.,.,MET,.,42,42,12,12,7.102625,-4.601,0.319,1.94,1.97827,0.890458,7.12366,8,0,0,0,0,0,2.75,0.536532125,0.536532,162.0176,115.47639,22.1512,65.0546,-172.269,31.5942,143.565,-252.248,41.3397,175.29,-1952.1,2,2,0.0367468
A,44,.,.,.,TYR,.,43,43,18,18,9.56775,0.23875,3.69416666666667,1.91,2.17883,0.980299,11.7636,12,5.45837,0.144341583333333,0.0821540833333333,-0.0120212833333333,1.181552,2.16666666666667,0.553227166666667,0.553227,238.06234,141.96756,22.4208,63.1372,-154.647,31.5942,143.565,-252.248,41.3397,175.29,-1952.1,1.74946525,1.74228616666667,0.032179
A,45,.,.,.,VAL,.,44,44,19,19,8.44057142857143,-3.228,5.904,2.01,2.38596,1.30011,9.1008,7,0,0,0,0,0,2.28571428571429,0.642104,0.642104,137.3727,97.28316,22.1935,64.2926,-123.692,31.5942,143.565,-252.248,41.3397,175.29,-1952.1,2,2,0.0220215
A,46,.,.,.,ARG,.,45,45,1,1,8.65890909090909,1.89554545454545,8.99,1.92,1.84464,0.247832,2.72615,11,62.355118,0.196585,0.190578490909091,0.270374818181818,-29.763342,1.81818181818182,0.781923272727273,0.781923,381.6702,137.3081,22.9347,67.4392,-116.864,39.1789,174.155,-2008.04,29.9055,151.619,1061.2,1.24489736363636,1.21356863636364,0.0599469
A,47,.,.,.,TYR,.,46,46,18,18,10.27875,-3.5075,12.493,1.91,2.17883,0.980299,11.7636,12,56.767213,0.113330166666667,-0.29419125,0.007040375,-2.1599646,1.91666666666667,0.557811066666667,0.557811,320.50179,140.70532,23.5847,78.5449,-112.631,39.1789,174.155,-2008.04,29.9055,151.619,1061.2,1.43702615,1.42701593333333,0.0292099
A,48,.,.,.,GLN,.,47,47,5,5,6.82677777777778,-0.710666666666667,14.9292222222222,1.91,1.77783,0.304099,2.73689,9,0,0,0,0,0,2.22222222222222,0.714141,0.714141,163.451,104.68315,24.8556,90.0339,-148.316,39.1789,174.155,-2008.04,29.9055,151.619,1061.2,2,2,0.0514302
A,49,.,.,.,ILE,.,48,48,9,9,8.058125,-4.92025,18.490875,2.01,2.51899,1.41804,11.3444,8,54.0728,0.1096725,-0.218496625,0.0389558875,41.7485,1.875,0.2140492625,0.214049,284.4641,113.06983,26.3367,103.816,-200.689,39.1789,174.155,-2008.04,29.9055,151.619,1061.2,1.581908375,1.578391625,0.032986
A,50,.,.,.,PRO,.,49,49,14,14,5.33785714285714,-4.19657142857143,21.5312857142857,1.92,1.84162,0.491625,3.44137,7,0.686143,-0.0353717142857143,0.0543551428571429,0.127289142857143,-0.223438,1.85714285714286,0.441291,0.441291,139.64024,88.71444,27.7098,115.244,-211.979,39.1789,174.155,-2008.04,29.9055,151.619,1061.2,1.83658614285714,2,0.0430791
A,51,.,.,.,GLN,.,50,50,5,5,7.37022222222222,-4.14711111111111,26.2826666666667,1.91,1.77783,0.304099,2.73689,9,90.388706858,0.0613965555555556,0.0132968888888889,0.326689222222222,-46.70823789,1.33333333333333,0.343017333333333,0.343017,383.7258,106.08728,30.5016,123.859,-327.163,39.1789,174.155,-2008.04,29.9055,151.619,1061.2,0.937466155555556,1.33958767777778,0.016251
A,52,.,.,.,ARG,.,51,51,1,1,4.41027272727273,-7.17936363636364,27.8977272727273,1.92,1.84464,0.247832,2.72615,11,279.38564,-0.0389345454545455,-0.368023636363636,0.353915750909091,-67.948086,1.09090909090909,0.278168363636364,0.278168,749.6826,137.68429,31.0261,128.563,-153.742,39.1789,174.155,-2008.04,29.9055,151.619,1061.2,0.26314416,0.260787001,0.0979185
A,53,.,.,.,ALA,.,52,52,0,0,3.692,-9.0102,22.3172,1.92,1.97378,0.96356,4.8178,5,40.75202,0.3576448,-0.4439968,0.03091202,18.732173,1.4,0.1875172,0.187517,194.76579,63.88421,28.1501,121.953,-15.2585,39.1789,174.155,-2008.04,29.9055,151.619,1061.2,1.0789192,1.0766876,0.0297134
A,54,.,.,.,LYS,.,53,53,11,11,-0.499777777777778,-9.78555555555556,22.028,1.92,1.70189,0.170134,1.53121,9,128.253043,-0.0202439333333333,-0.183845111111111,0.247955333333333,-100.930212,1.44444444444444,0.569089111111111,0.569089,469.3283,122.38153,27.4559,123.011,253.012,39.1789,174.155,-2008.04,29.9055,151.619,1061.2,1.13489682222222,1.12152652222222,0.243008
A,55,.,.,.,ARG,.,54,54,1,1,0.648363636363636,-16.2417272727273,18.6068181818182,1.92,1.84464,0.247832,2.72615,11,236.59491,0.386560563636364,-0.313391545454545,0.455400272727273,-67.084254,1.09090909090909,0.192756027272727,0.192756,688.87733,137.68718,27.62,119.979,215.953,39.1789,174.155,-2008.04,29.9055,151.619,1061.2,0.4049182,0.4021378,0.0406042
A,56,.,.,.,TYR,.,55,55,18,18,-0.996583333333333,-14.1305833333333,15.7295833333333,1.91,2.17883,0.980299,11.7636,12,27.3987,-0.03127875,-0.0653828333333333,-0.0411238333333333,-2.98958,1.91666666666667,0.284330916666667,0.284331,310.11369,141.68721,25.0365,109.838,293.506,39.1789,174.155,-2008.04,29.9055,151.619,1061.2,1.88980658333333,1.88870525,0.0996764
A,57,.,.,.,PRO,.,56,56,14,14,1.46771428571429,-9.62014285714286,13.9775714285714,1.92,1.84162,0.491625,3.44137,7,1.53329,0.124416,-0.0220837142857143,0.0666418571428571,0.309695,2.14285714285714,0.800045142857143,0.800045,145.2942,88.07522,23.3819,97.7278,238.866,39.1789,174.155,-2008.04,29.9055,151.619,1061.2,1.82602714285714,2,0.0273836
A,58,.,.,.,ILE,.,57,57,9,9,-1.409,-5.962,12.8815,2.01,2.51899,1.41804,11.3444,8,0,0,0,0,0,3.25,0.885115625,0.885116,171.6621,114.04079,21.4795,85.2555,376.282,39.1789,174.155,-2008.04,29.9055,151.619,1061.2,2,2,0.028157
A,59,.,.,.,THR,.,58,58,16,16,0.130857142857143,-6.143,8.34028571428571,2.01,1.92461,0.687219,4.81053,7,0,0,0,0,0,3.85714285714286,0.993401857142857,0.993402,126.2714,88.14164,20.3923,69.483,220.938,39.1789,174.155,-2008.04,29.9055,151.619,1061.2,2,2,0.0202132
A,60,.,.,.,LEU,.,59,59,10,10,-1.1525,-1.854625,8.4925,2.01,2.13035,1.31155,10.4924,8,0,0,0,0,0,3.625,0.889784625,0.889785,161.6037,113.34718,19.4589,58.747,234.413,39.1789,174.155,-2008.04,29.9055,151.619,1061.2,2,2,0.0229711
A,61,.,.,.,ILE,.,60,60,9,9,-2.065375,-2.9745,3.5135,2.01,2.51899,1.41804,11.3444,8,0,0,0,0,0,4.375,0.730462125,0.730462,160.116,112.13349,18.9377,48.4611,106.656,41.3397,175.29,-1952.1,31.7331,142.96,-134.832,2,2,0.0483715
A,62,.,.,.,HIS,.,61,61,8,8,-1.2057,1.5871,1.1492,1.91,1.68392,0.470428,4.70428,10,0,0,0,0,0,3.4,0.6596147,0.659615,161.1076,111.4338,18.9304,43.923,52.3224,41.3397,175.29,-1952.1,31.7331,142.96,-134.832,2,2,0.0286307
A,63,.,.,.,GLY,.,62,62,7,7,-4.1285,2.3655,-0.812,1.9,1.11007,0.529328,2.11731,4,0,0,0,0,0,3.5,0.839574,0.839574,74.1383,46.8008,19.2169,43.2728,21.0905,41.3397,175.29,-1952.1,31.7331,142.96,-134.832,2,2,0.0456333
A,64,.,.,.,CYS,.,63,63,4,4,-5.29766666666667,4.66483333333333,-3.38733333333333,1.91,2.00989,1.38398,8.30386,6,0,0,0,0,0,2.66666666666667,0.614025166666667,0.614025,160.27719,81.38975,20.2405,45.0488,-58.7962,41.3397,175.29,-1952.1,31.7331,142.96,-134.832,2,2,0.150517
A,65,.,.,.,CYS,.,64,64,4,4,-3.50883333333333,7.719,-3.81283333333333,1.91,2.00989,1.38398,8.30386,6,0,0,0,0,0,2.66666666666667,0.524745833333333,0.524746,131.38793,81.34946,21.2244,50.0894,-119.93,31.377,142.744,-92.9645,41.3397,175.29,-1952.1,2,2,0.106448
A,66,.,.,.,LEU,.,65,65,10,10,-2.37325,7.09,-0.11725,2.01,2.13035,1.31155,10.4924,8,0,0,0,0,0,3,0.455287625,0.455288,192.2564,113.64064,20.5578,47.3914,-95.1084,31.377,142.744,-92.9645,41.3397,175.29,-1952.1,2,2,0.0438629
A,67,.,.,.,THR,.,66,66,16,16,1.60085714285714,6.03457142857143,1.67785714285714,2.01,1.92461,0.687219,4.81053,7,0,0,0,0,0,2.42857142857143,0.503699428571429,0.503699,145.36325,88.01781,20.4087,45.9266,-95.1986,31.7331,142.96,-134.832,41.3397,175.29,-1952.1,2,2,0.0166216
A,68,.,.,.,GLY,.,67,67,7,7,1.69375,4.52025,5.1725,1.9,1.11007,0.529328,2.11731,4,0,0,0,0,0,2.25,0.740345,0.740345,76.5437,46.55841,20.2024,48.4241,-34.3667,39.1789,174.155,-2008.04,29.9055,151.619,1061.2,2,2,0.0365495
A,69,.,.,.,MET,.,68,68,12,12,1.848375,8.490125,5.3225,1.94,1.97827,0.890458,7.12366,8,47.8501,0.192435,0.127688875,-0.023473375,23.06542,1.75,0.29463225,0.294632,318.4663,115.44157,21.252,53.4336,-27.8436,31.7331,142.96,-134.832,41.3397,175.29,-1952.1,1.63835975,1.637072625,0.0194974
A,70,.,.,.,THR,.,69,69,16,16,-2.669,6.077,5.87828571428571,2.01,1.92461,0.687219,4.81053,7,0,0,0,0,0,3.14285714285714,0.782881285714286,0.782882,145.6348,87.92823,20.2476,54.48,76.7378,39.1789,174.155,-2008.04,29.9055,151.619,1061.2,2,2,0.0408054
A,71,.,.,.,TRP,.,70,70,17,17,-3.07592857142857,2.67557142857143,8.93642857142857,1.91,2.30258,1.10554,15.4775,14,0,0,0,0,0,3.5,0.782676785714286,0.782677,250.12433,163.40921,20.4587,62.2404,193.753,39.1789,174.155,-2008.04,29.9055,151.619,1061.2,2,2,0.0485705
A,72,.,.,.,GLU,.,71,71,6,6,1.78866666666667,7.47255555555556,10.0852222222222,1.91,1.80406,0.175107,1.57596,9,29.4407,0.259787888888889,0.124071633333333,0.305084777777778,-17.032798,1.77777777777778,0.527325888888889,0.527326,292.959,103.19792,22.0755,67.7175,76.6842,39.1789,174.155,-2008.04,29.9055,151.619,1061.2,1.40711777777778,1.67395155555556,0.028391
A,73,.,.,.,THR,.,72,72,16,16,-0.124428571428571,11.2377142857143,12.4391428571429,2.01,1.92461,0.687219,4.81053,7,68.7461,0.338751,0.203532,-0.00750171428571429,-3.958474,1.57142857142857,0.195587514285714,0.195587,301.77634,87.73392,23.7576,78.221,35.6333,38.3383,174.195,-1960.29,29.9055,151.619,1061.2,1.21242314285714,1.21104557142857,0.0256319
A,74,.,.,.,THR,.,73,73,16,16,-3.97114285714286,12.1878571428571,11.8312857142857,2.01,1.92461,0.687219,4.81053,7,0.00737535,0.125293428571429,0.0472204285714286,-0.0497991428571429,0.00341045,2.28571428571429,0.249369571428571,0.24937,132.845,86.74744,23.4255,82.83,69.7351,38.3383,174.195,-1960.29,29.9055,151.619,1061.2,1.82566614285714,2,0.0299044
A,75,.,.,.,PRO,.,74,74,14,14,-4.33514285714286,14.717,8.97857142857143,1.92,1.84162,0.491625,3.44137,7,0.71376,0.0824814285714286,0.0917857142857143,0.0719748571428571,0.22207,2.14285714285714,0.387032285714286,0.387032,155.70809,88.09801,24.4956,83.2439,-99.917,38.3383,174.195,-1960.29,29.9055,151.619,1061.2,1.800403,2,0.0260874
A,76,.,.,.,ASP,.,75,75,3,3,-5.77825,16.356125,12.811125,1.91,1.71635,0.28986,2.31888,8,46.345125,0.107411825,0.51487775,0.20840955,14.272959,1.375,0.3206035,0.320604,239.448,86.66491,26.5757,96.5248,-129.107,38.3383,174.195,-1960.29,29.9055,151.619,1061.2,0.9222177625,1.0962057125,0.0319951
A,77,.,.,.,GLY,.,76,76,7,7,-2.44775,15.254,14.85475,1.9,1.11007,0.529328,2.11731,4,76.3765,0.2919405,0.27184175,0.219630025,6.088412,1.5,0.19691575,0.196916,209.2252,46.75633,26.8219,92.8306,-79.1756,38.3383,174.195,-1960.29,29.9055,151.619,1061.2,1.044258775,1.043673775,0.0253475
A,78,.,.,.,ARG,.,77,77,1,1,-6.10990909090909,12.7171818181818,15.6975454545455,1.92,1.84464,0.247832,2.72615,11,51.75066,-0.00979054545454545,0.136485727272727,0.215027090909091,-11.655319,1.72727272727273,0.217598736363636,0.217599,342.8338,136.53678,26.0381,99.6959,96.4544,38.3383,174.195,-1960.29,29.9055,151.619,1061.2,1.51704558181818,1.5110117,0.0321691
A,79,.,.,.,MET,.,78,78,12,12,-2.942875,8.451,18.050875,1.94,1.97827,0.890458,7.12366,8,6.5463839,0.2617795,0.32650875,0.22454625,3.8834693,1.625,0.183639375,0.183639,221.3467,115.41866,24.9508,97.4936,198.581,39.1789,174.155,-2008.04,29.9055,151.619,1061.2,1.35555825,1.832383,0.0843691
A,80,.,.,.,GLY,.,79,79,7,7,-2.79625,6.4615,14.99675,1.9,1.11007,0.529328,2.11731,4,0,0,0,0,0,2,0.6572885,0.657289,78.2218,47.07723,22.6679,85.3207,275.492,39.1789,174.155,-2008.04,29.9055,151.619,1061.2,2,2,0.0408688
A,81,.,.,.,TRP,.,80,80,17,17,-6.15542857142857,2.49507142857143,13.2706428571429,1.91,2.30258,1.10554,15.4775,14,0,0,0,0,0,3.57142857142857,0.9186625,0.918663,224.80191,160.72673,21.692,84.2928,449.554,39.1789,174.155,-2008.04,29.9055,151.619,1061.2,2,2,0.0345485
A,82,.,.,.,ASP,.,81,81,3,3,1.187125,2.363625,13.98225,1.91,1.71635,0.28986,2.31888,8,6.7869,0.06743325,0.100147125,0.0323775,-3.44192,2.125,0.83632425,0.836324,169.28028,87.67559,21.8831,78.9408,241.845,39.1789,174.155,-2008.04,29.9055,151.619,1061.2,1.8493015,2,0.0334439
A,83,.,.,.,GLU,.,82,82,6,6,0.892666666666667,5.34166666666667,18.3524444444444,1.91,1.80406,0.175107,1.57596,9,43.467868,0.444219,0.226847377777778,-0.133234622222222,-26.3109066,1.55555555555556,0.676463888888889,0.676464,277.29,103.10487,23.9401,92.8136,169.237,39.1789,174.155,-2008.04,29.9055,151.619,1061.2,1.24005566666667,1.35448577777778,0.0370433
A,84,.,.,.,TYR,.,83,83,18,18,-4.88466666666667,2.34958333333333,19.697,1.91,2.17883,0.980299,11.7636,12,2.01728,-0.0170528333333333,0.036181,0.0731066666666667,-0.220113,2.16666666666667,0.555176,0.555176,213.60468,140.11839,24.1499,103.704,406.828,39.1789,174.155,-2008.04,29.9055,151.619,1061.2,1.88251425,1.87284633333333,0.0506959
A,85,.,.,.,PHE,.,84,84,13,13,-3.20863636363636,-1.08663636363636,16.3707272727273,1.91,2.05442,1.19411,13.1352,11,0,0,0,0,0,2.90909090909091,0.849201727272727,0.849202,187.88855,133.83633,23.3067,101.103,461.868,39.1789,174.155,-2008.04,29.9055,151.619,1061.2,2,2,0.050993
A,86,.,.,.,LEU,.,85,85,10,10,2.185375,-0.3135,19.060125,2.01,2.13035,1.31155,10.4924,8,0.714879,0.048815,0.112868375,-0.022423875,0.486816,2.125,0.401628,0.401628,172.8847,113.61349,24.7662,105.46,162.337,39.1789,174.155,-2008.04,29.9055,151.619,1061.2,1.84911675,2,0.0265754
A,87,.,.,.,ARG,.,86,86,1,1,0.298,3.30481818181818,23.0348181818182,1.92,1.84464,0.247832,2.72615,11,48.254231,0.0371664636363636,0.0191709090909091,0.225601090909091,7.6678325,1.63636363636364,0.423065,0.423065,339.63421,137.48966,26.673,117.153,196.905,39.1789,174.155,-2008.04,29.9055,151.619,1061.2,1.50239754545455,1.728436,0.046165
A,88,.,.,.,LYS,.,87,87,11,11,-4.14755555555556,-1.82233333333333,22.7113333333333,1.92,1.70189,0.170134,1.53121,9,86.372592,-0.0582320777777778,-0.135824511111111,0.569757555555556,-61.009705,1.33333333333333,0.644568555555556,0.644568,395.1724,121.92143,26.3653,121.541,476.776,39.1789,174.155,-2008.04,29.9055,151.619,1061.2,1.0321632,1.45495394444444,0.184708
A,89,.,.,.,GLY,.,88,88,7,7,0.102,-4.9215,21.95525,1.9,1.11007,0.529328,2.11731,4,3.37149,-0.02940825,-0.010983925,0.24802125,-0.0987705,1.75,0.5978135,0.597814,95.8506,46.57775,26.8231,121.897,253.431,39.1789,174.155,-2008.04,29.9055,151.619,1061.2,1.68105875,2,0.154594
A,90,.,.,.,TYR,.,89,89,18,18,-1.93316666666667,-6.07891666666667,18.9176666666667,1.91,2.17883,0.980299,11.7636,12,2.8612951,-0.0841264166666667,0.0181567166666667,0.1407145,-0.2977329,2.25,0.71685175,0.716852,260.62411,142.64643,24.6199,109.766,301.574,39.1789,174.155,-2008.04,29.9055,151.619,1061.2,1.80066133333333,2,0.145526
A,91,.,.,.,SER,.,90,90,15,15,3.30633333333333,-5.90616666666667,16.2906666666667,1.91,1.73647,0.568003,3.40802,6,0.528146,0.073935,-0.147905,0.0208695,-0.13711,2.33333333333333,0.699774166666667,0.699774,116.6414,70.19789,24.2214,100.415,87.1988,39.1789,174.155,-2008.04,29.9055,151.619,1061.2,1.800192,2,0.0349949
A,92,.,.,.,THR,.,91,91,16,16,3.09214285714286,-2.83028571428571,13.8865714285714,2.01,1.92461,0.687219,4.81053,7,0,0,0,0,0,3,0.837407285714286,0.837407,125.1429,87.91325,22.283,83.9201,141.274,39.1789,174.155,-2008.04,29.9055,151.619,1061.2,2,2,0.0318921
A,93,.,.,.,TYR,.,92,92,18,18,5.01966666666667,-5.86916666666667,10.9895833333333,1.91,2.17883,0.980299,11.7636,12,9.918297,0.121190583333333,-0.09113575,0.04962125,-1.0428223,2.41666666666667,0.74880075,0.748801,246.44548,140.85392,21.5402,71.7369,44.1438,39.1789,174.155,-2008.04,29.9055,151.619,1061.2,1.78099,2,0.025797
A,94,.,.,.,VAL,.,93,93,19,19,3.61742857142857,-0.234142857142857,8.11471428571429,2.01,2.38596,1.30011,9.1008,7,0,0,0,0,0,2.71428571428571,0.710056857142857,0.710057,170.5213,97.40916,20.5686,59.3745,26.6596,39.1789,174.155,-2008.04,29.9055,151.619,1061.2,2,2,0.0334487
A,95,.,.,.,ILE,.,94,94,9,9,3.25625,-1.742875,3.804625,2.01,2.51899,1.41804,11.3444,8,0,0,0,0,0,3.375,0.656636125,0.656636,162.2066,113.38143,20.3081,53.0703,-63.7184,39.1789,174.155,-2008.04,29.9055,151.619,1061.2,2,2,0.0279416
A,96,.,.,.,ASP,.,95,95,3,3,5.1305,1.42,1.437875,1.91,1.71635,0.28986,2.31888,8,0,0,0,0,0,2.625,0.730395625,0.730396,139.2882,87.57453,20.4787,49.7114,-122.782,31.7331,142.96,-134.832,41.3397,175.29,-1952.1,2,2,0.0321123
A,97,.,.,.,GLN,.,96,96,5,5,1.47811111111111,-0.746444444444444,-2.07977777777778,1.91,1.77783,0.304099,2.73689,9,0,0,0,0,0,3.22222222222222,0.686346888888889,0.686347,149.37482,103.91437,20.2398,49.2607,-131.14,31.5942,143.565,-252.248,41.3397,175.29,-1952.1,2,2,0.0764857
A,98,.,.,.,SER,.,97,97,15,15,4.85316666666667,-2.23866666666667,-5.07516666666667,1.91,1.73647,0.568003,3.40802,6,0,0,0,0,0,2.66666666666667,0.429601833333333,0.429602,104.62822,70.26581,21.6036,60.4569,-172.488,31.5942,143.565,-252.248,41.3397,175.29,-1952.1,2,2,0.0594684
A,99,.,.,.,GLY,.,98,98,7,7,5.32825,1.28925,-6.38275,1.9,1.11007,0.529328,2.11731,4,0,0,0,0,0,2.25,0.388245,0.388245,77.4267,46.92173,22.4907,65.829,-184.155,29.9055,151.619,1061.2,41.3397,175.29,-1952.1,2,2,0.0238191
A,100,.,.,.,ARG,.,99,99,1,1,2.001,2.37290909090909,-4.16154545454545,1.92,1.84464,0.247832,2.72615,11,0,0,0,0,0,2.45454545454545,0.411605818181818,0.411606,219.9585,136.40136,21.6499,55.3681,-154.777,31.7331,142.96,-134.832,41.3397,175.29,-1952.1,2,2,0.035555
A,101,.,.,.,GLY,.,100,100,7,7,7.06475,5.18075,-2.117,1.9,1.11007,0.529328,2.11731,4,42.99954,0.32930075,0.852667,-0.2224385475,7.382462,1,0.35621125,0.356211,190.6818,47.17926,22.286,54.9882,-122.152,31.7331,142.96,-134.832,41.3397,175.29,-1952.1,0.69408175,0.6839475,0.02045
A,102,.,.,.,ARG,.,101,101,1,1,9.86654545454545,4.86627272727273,1.86463636363636,1.92,1.84464,0.247832,2.72615,11,128.945884,0.456786,0.424752990909091,-0.245289036363636,-30.5798431,1.18181818181818,0.422996818181818,0.422997,513.499,138.06609,23.3745,61.7889,-113.396,31.7331,142.96,-134.832,41.3397,175.29,-1952.1,0.826408545454545,0.824914090909091,0.0223611
A,103,.,.,.,SER,.,102,102,15,15,8.58933333333333,0.926333333333333,-2.88283333333333,1.91,1.73647,0.568003,3.40802,6,0,0,0,0,0,2.33333333333333,0.286498166666667,0.286498,101.2669,70.0438,22.9131,66.607,-172.642,29.9055,151.619,1061.2,41.3397,175.29,-1952.1,2,2,0.0318657
A,104,.,.,.,ALA,.,103,103,0,0,10.6388,0.8058,-6.3302,1.92,1.97378,0.96356,4.8178,5,34.61257,0.2225044,0.3160084,0.03492818,6.41486,1.8,0.21457844,0.214579,196.6814,64.21727,24.6108,81.2497,-212.21,29.9055,151.619,1061.2,41.3397,175.29,-1952.1,1.486425,1.4914298,0.0245842
A,105,.,.,.,THR,.,104,104,16,16,9.43271428571428,2.60842857142857,-9.43328571428571,2.01,1.92461,0.687219,4.81053,7,19.08952,0.190675714285714,0.320704857142857,0.171724714285714,0.636384,1.71428571428571,0.315462428571429,0.315462,241.3316,88.50768,24.9485,87.0885,-259.962,29.9055,151.619,1061.2,41.3397,175.29,-1952.1,1.41392214285714,1.40630657142857,0.0596115
A,106,.,.,.,ASP,.,105,105,3,3,11.196,0.9085,-13.69225,1.91,1.71635,0.28986,2.31888,8,9.51862,-0.150246,-0.106933,-0.164986125,-4.553086,1.75,0.532448125,0.532448,233.3144,86.95316,27.1502,108.696,-458.395,29.9055,151.619,1061.2,41.3397,175.29,-1952.1,1.70044275,1.8411395,0.173435
A,107,.,.,.,ILE,.,106,106,9,9,12.66425,5.099875,-14.679375,2.01,2.51899,1.41804,11.3444,8,79.642202,0.0876260125,0.1392045,0.27997625,62.441942,1.875,0.2076875,0.207688,373.9248,113.95827,28.8801,121.903,-652.142,29.9055,151.619,1061.2,41.3397,175.29,-1952.1,1.519018625,1.51999875,0.146087
A,108,.,.,.,SER,.,107,107,15,15,13.1321666666667,2.1625,-17.9318333333333,1.91,1.73647,0.568003,3.40802,6,9.09997,-0.0461813333333333,-0.124543333333333,-0.100667833333333,-2.36241,1.83333333333333,0.496357166666667,0.496357,134.8276,69.2297,30.8652,142.077,-1028.13,29.9055,151.619,1061.2,41.3397,175.29,-1952.1,1.78101466666667,1.78289583333333,0.103638
A,109,.,.,.,ALA,.,108,108,0,0,9.8378,3.157,-19.9638,1.92,1.97378,0.96356,4.8178,5,25.96844,0.03834424,-0.3775514,-0.08046776,2.583151,1.6,0.3227272,0.322727,176.6477,64.05884,30.8629,137.133,-977.585,29.9055,151.619,1061.2,41.3397,175.29,-1952.1,1.473537,1.4780336,0.0976438
A,110,.,.,.,ILE,.,109,109,9,9,9.54175,7.0035,-18.7265,2.01,2.51899,1.41804,11.3444,8,22.48772,-0.101796,0.2086385,0.059928875,17.39672,1.875,0.1938770125,0.193877,259.13108,113.87809,31.0278,134.49,-941.267,29.9055,151.619,1061.2,41.3397,175.29,-1952.1,1.658148375,1.66814625,0.14407
A,111,.,.,.,ASN,.,110,110,2,2,13.89025,7.007625,-19.82775,1.91,1.56635,0.356168,2.84934,8,1.56717,0.054207375,0.08130825,0.077945625,-0.54556,1.875,0.44090025,0.4409,152.52786,90.84719,33.2622,154.687,-1367.48,29.9055,151.619,1061.2,41.3397,175.29,-1952.1,1.828879,2,0.185027
A,112,.,.,.,ALA,.,111,111,0,0,12.481,4.6986,-23.7392,1.92,1.97378,0.96356,4.8178,5,11.6239,0.01591494,-0.199362,-0.00124058,0.833477,1.8,0.239316,0.239316,122.84894,63.97071,34.5849,163.944,-1629.95,29.9055,151.619,1061.2,41.3397,175.29,-1952.1,1.732125,1.7316048,0.094474
A,113,.,.,.,VAL,.,112,112,19,19,9.50028571428571,7.04285714285714,-24.6418571428571,2.01,2.38596,1.30011,9.1008,7,24.18051,-0.0822468571428571,0.226532571428571,-0.142114285714286,16.76826,1.71428571428571,0.0951847857142857,0.0951846,207.43059,97.23217,34.8122,155.899,-1494.37,29.9055,151.619,1061.2,41.3397,175.29,-1952.1,1.44299277142857,1.44160178571429,0.0649728
A,114,.,.,.,LYS,.,113,113,11,11,12.1645555555556,10.501,-22.4575555555556,1.92,1.70189,0.170134,1.53121,9,177.61783,-0.127429777777778,0.650905777777778,-0.122980222222222,-74.499041,1.22222222222222,0.232830877777778,0.232831,519.1124,122.43863,35.9742,159.939,-1560.38,29.9055,151.619,1061.2,41.3397,175.29,-1952.1,0.487917122222222,0.487513822222222,0.118799
A,115,.,.,.,LEU,.,114,114,10,10,15.733125,7.819125,-25.69075,2.01,2.13035,1.31155,10.4924,8,85.105188902,0.449266125,0.2959649,-0.409099875,56.992229008,1.25,0.0654778625,0.0654779,351.3219,111.75326,38.1813,176.774,-2026.1,29.9055,151.619,1061.2,41.3397,175.29,-1952.1,0.57060257875,0.56867002375,0.0618093
A,116,.,.,.,GLY,.,115,115,7,7,12.71075,6.5,-29.097,1.9,1.11007,0.529328,2.11731,4,92.2022,-0.066336925,0.145432775,-0.42913725,6.26021,1.5,0.122464425,0.122465,238.0127,46.95117,39.1789,174.155,-2008.04,29.9055,151.619,1061.2,41.3397,175.29,-1952.1,1.0053796125,1.00508818,0.157329
A,117,.,.,.,LYS,.,116,116,11,11,14.738,3.14377777777778,-27.4571111111111,1.92,1.70189,0.170134,1.53121,9,141.16025,0.267664544444444,-0.363530133333333,-0.391920155555556,-37.056899,1.22222222222222,0.1803736,0.180374,486.2659,122.43577,38.3383,174.195,-1960.29,29.9055,151.619,1061.2,41.3397,175.29,-1952.1,0.475949422222222,0.473942644444444,0.143146
A,118,.,.,.,ALA,.,117,117,0,0,9.4132,3.455,-27.3036,1.92,1.97378,0.96356,4.8178,5,13.615304,0.0109782,-0.0338094,-0.087935,1.29756,1.6,0.12655024,0.12655,145.5589,63.42188,36.2461,157.916,-1548.22,32.8833,121.978,-210.657,39.1789,174.155,-2008.04,1.4115984,1.6947852,0.190907
A,119,.,.,.,PRO,.,118,118,14,14,6.09885714285714,3.34471428571429,-28.0845714285714,1.92,1.84162,0.491625,3.44137,7,123.9373633,0.0318605714285714,-0.0865135714285714,-0.540032857142857,-18.0305664,1.28571428571429,0.1630425,0.163042,354.76806,88.34711,36.3456,145.744,-1300.46,32.8833,121.978,-210.657,39.1789,174.155,-2008.04,0.606896074285714,0.606323012857143,0.215524
A,120,.,.,.,ALA,.,119,119,0,0,3.838,6.2574,-25.8782,1.92,1.97378,0.96356,4.8178,5,94.11674,-0.247359,0.3329448,-0.2118886,13.89528,1.4,0.2169298,0.21693,270.884,63.96942,34.4304,132.706,-1007.17,32.8833,121.978,-210.657,39.1789,174.155,-2008.04,0.922617076,0.912109116,0.0577502
A,121,.,.,.,SER,.,120,120,15,15,2.09083333333333,2.93816666666667,-25.37,1.91,1.73647,0.568003,3.40802,6,145.30807,-0.5004265,-0.164582066666667,-0.164113166666667,-7.256769,1.16666666666667,0.148921116666667,0.148921,372.862,70.52439,32.9902,117.732,-707.788,32.8833,121.978,-210.657,39.1789,174.155,-2008.04,0.500801516666667,0.4971933,0.0864224
A,122,.,.,.,SER,.,121,121,15,15,5.283,2.06783333333333,-23.3736666666667,1.91,1.73647,0.568003,3.40802,6,48.2852,-0.0268255,-0.6332505,0.129620183333333,3.38681,1.33333333333333,0.2324275,0.232427,213.2338,70.16079,31.8664,124.759,-814.964,32.8833,121.978,-210.657,39.1789,174.155,-2008.04,0.990886,0.9903155,0.0963288
A,123,.,.,.,LEU,.,122,122,10,10,4.399375,5.606375,-21.08625,2.01,2.13035,1.31155,10.4924,8,72.7467,-0.2876505,0.0813215,-0.000167387499999998,50.93609,1.625,0.1448323125,0.144832,340.38565,113.08035,30.1656,116.439,-672.378,32.8833,121.978,-210.657,39.1789,174.155,-2008.04,1.42378625,1.58518075,0.0648912
A,124,.,.,.,PRO,.,123,123,14,14,3.68657142857143,3.98042857142857,-17.4084285714286,1.92,1.84162,0.491625,3.44137,7,6.0383065,-0.0342948571428571,-0.15569,-0.100867714285714,1.9674666,1.57142857142857,0.299134371428571,0.299134,192.1707,87.8759,27.5017,97.1023,-396.517,32.8833,121.978,-210.657,39.1789,174.155,-2008.04,1.45334742857143,1.79463642857143,0.191975
A,125,.,.,.,ASP,.,124,124,3,3,-1.451125,3.46725,-16.2495,1.91,1.71635,0.28986,2.31888,8,113.308192,-0.2722535025,0.00326725000000001,-0.509683875,-45.885097,1.25,0.140231795,0.140232,365.9112,87.99135,26.5949,81.1292,-240.463,32.8833,121.978,-210.657,39.1789,174.155,-2008.04,0.905522,1.061056125,0.128117
A,126,.,.,.,LEU,.,125,125,10,10,0.1135,7.325875,-13.540375,2.01,2.13035,1.31155,10.4924,8,83.686857,-0.0346194,0.332749375,-0.354717125,54.99345,1.5,0.09955157125,0.0995515,344.6691,113.56483,25.3996,73.8573,-196.159,31.0261,128.563,-153.742,39.1789,174.155,-2008.04,1.24288275,1.233914875,0.271773
A,127,.,.,.,PHE,.,126,126,13,13,-3.69618181818182,6.88354545454545,-10.5293636363636,1.91,2.05442,1.19411,13.1352,11,57.965151,-0.570727818181818,-0.0425335472727273,-0.310942727272727,58.597706,1.36363636363636,0.283030763636364,0.283031,363.32054,132.84252,24.8506,65.9484,-150.109,31.0261,128.563,-153.742,39.1789,174.155,-2008.04,1.01680381818182,1.60425645454545,0.246531
A,128,.,.,.,ALA,.,127,127,0,0,-3.7162,11.3052,-9.5596,1.92,1.97378,0.96356,4.8178,5,62.35374,-0.02362014,0.3448386,-0.448318,21.37367,1.4,0.4513606,0.451361,257.6816,64.08441,24.4542,64.2286,-166.574,31.0261,128.563,-153.742,39.1789,174.155,-2008.04,1.0751748,1.0750122,0.16297
A,129,.,.,.,ALA,.,128,128,0,0,-6.094,12.181,-6.8756,1.92,1.97378,0.96356,4.8178,5,0.447645,-0.1107676,-0.0964106,-0.1357776,0.343466,1.8,0.6259584,0.625959,120.1045,62.98118,24.1974,65.5448,-184.276,31.0261,128.563,-153.742,39.1789,174.155,-2008.04,1.7359744,2,0.286184
A,130,.,.,.,GLY,.,129,129,7,7,-7.6215,15.06975,-6.683,1.9,1.11007,0.529328,2.11731,4,31.75786,-0.02949475,0.1789865,-0.44599,0.419731,1.5,0.6335365,0.633536,140.9359,46.49809,26.1665,75.3662,-273.094,31.0261,128.563,-153.742,39.1789,174.155,-2008.04,1.231843,1.23187975,0.11594
A,131,.,.,.,HIS,.,130,130,8,8,-9.1957,18.4007,-2.9744,1.91,1.68392,0.470428,4.70428,10,22.93929,0.1114969,0.2242036,-0.147868,6.953666,2,0.7286955,0.728695,241.9403,108.86496,26.4165,83.3804,-360.165,31.377,142.744,-92.9645,41.3397,175.29,-1952.1,1.45136099,1.44793996,0.291854
A,132,.,.,.,GLU,.,131,131,6,6,-12.9447777777778,17.9678888888889,-7.19622222222222,1.91,1.80406,0.175107,1.57596,9,148.94789,0.00642677777777777,-0.0137086555555556,-0.369863111111111,-93.690303,1.44444444444444,0.584053222222222,0.584053,458.84834,103.61018,27.695,91.0804,-433.17,31.0261,128.563,-153.742,39.1789,174.155,-2008.04,1.02090936666667,1.01768511111111,0.216182
A,133,.,.,.,ALA,.,132,132,0,0,-11.8852,13.5812,-6.5314,1.92,1.97378,0.96356,4.8178,5,51.29205,-0.1932784,-0.03454872,-0.327078,6.46229,1.6,0.5330902,0.53309,211.3589,63.99889,26.0311,81.6355,-285.92,31.0261,128.563,-153.742,39.1789,174.155,-2008.04,1.3950908,1.3939944,0.109028
A,134,.,.,.,ALA,.,133,133,0,0,-10.997,12.8256,-3.1764,1.92,1.97378,0.96356,4.8178,5,0,0,0,0,0,2.4,0.8110576,0.811058,96.2909,63.38497,24.0277,77.6815,-202.475,41.3397,175.29,-1952.1,31.7331,142.96,-134.832,2,2,0.103118
A,135,.,.,.,TRP,.,134,134,17,17,-14.8582142857143,16.4742142857143,-0.290285714285714,1.91,2.30258,1.10554,15.4775,14,0,0,0,0,0,2.71428571428571,0.497491214285714,0.497491,225.73171,161.9667,25.3142,94.2436,-292.02,41.3397,175.29,-1952.1,31.7331,142.96,-134.832,2,2,0.108714
A,136,.,.,.,ALA,.,135,135,0,0,-15.9374,11.9822,-3.4784,1.92,1.97378,0.96356,4.8178,5,28.8281,-0.0744448,-0.00907958,-0.1854064,2.06708,2.2,0.4969074,0.496907,186.9015,64.10654,25.6125,95.0869,-238.014,41.3397,175.29,-1952.1,31.7331,142.96,-134.832,1.7277118,1.7297802,0.130119
A,137,.,.,.,ILE,.,136,136,9,9,-13.317875,8.8535,-3.708125,2.01,2.51899,1.41804,11.3444,8,12.22019,-0.0557722125,0.0155956375,-0.23052425,10.37648,2,0.543214875,0.543215,254.69076,113.8846,23.5028,79.5565,-47.4756,41.3397,175.29,-1952.1,31.7331,142.96,-134.832,1.66940125,1.6608105,0.150191
A,138,.,.,.,PHE,.,137,137,13,13,-11.7461818181818,9.79190909090909,0.413636363636364,1.91,2.05442,1.19411,13.1352,11,0,0,0,0,0,3.18181818181818,0.715765,0.715765,211.53068,134.5913,22.746,84.5611,53.1112,41.3397,175.29,-1952.1,31.7331,142.96,-134.832,2,2,0.074576
A,139,.,.,.,ARG,.,138,138,1,1,-17.9486363636364,8.23390909090909,1.73809090909091,1.92,1.84464,0.247832,2.72615,11,0,0,0,0,0,2.90909090909091,0.587369909090909,0.58737,202.0583,134.73828,24.5716,103.57,-6.13785,41.3397,175.29,-1952.1,31.7331,142.96,-134.832,2,2,0.125509
A,140,.,.,.,PHE,.,139,139,13,13,-14.6472727272727,13.782,3.12172727272727,1.91,2.05442,1.19411,13.1352,11,0,0,0,0,0,2.90909090909091,0.498633818181818,0.498634,182.10601,132.79818,25.6105,111.947,-147.163,41.3397,175.29,-1952.1,31.7331,142.96,-134.832,2,2,0.0636399
A,141,.,.,.,GLY,.,140,140,7,7,-19.3345,15.11875,0.45275,1.9,1.11007,0.529328,2.11731,4,0,0,0,0,0,2.25,0.56768275,0.567683,60.0333,45.21142,28.0434,122.652,-369.771,41.3397,175.29,-1952.1,31.7331,142.96,-134.832,2,2,0.135354
A,142,.,.,.,PRO,.,141,141,14,14,-21.718,16.5787142857143,-1.61714285714286,1.92,1.84162,0.491625,3.44137,7,75.9841161035,-0.407880714285714,-0.0801993371428571,-0.240927,-11.3407911887,1.42857142857143,0.540054571428571,0.540055,318.22421,87.94708,29.7697,121.598,-472.606,41.3397,175.29,-1952.1,31.7331,142.96,-134.832,1.06127874285714,1.05822268571429,0.120794
A,143,.,.,.,ARG,.,142,142,1,1,-20.2703636363636,20.4552727272727,-4.13536363636364,1.92,1.84464,0.247832,2.72615,11,205.3525,-0.179813545454545,0.0988094090909091,-0.329685654545455,-88.25975,1.45454545454545,0.447778636363636,0.447779,612.67239,137.37003,29.9428,113.751,-578.253,41.3397,175.29,-1952.1,31.7331,142.96,-134.832,0.928259320909091,0.928109533636364,0.0636376
A,144,.,.,.,TYR,.,143,143,18,18,-13.6473333333333,20.7085833333333,-2.80458333333333,1.91,2.17883,0.980299,11.7636,12,72.61845,0.069939,0.239221,-0.165653583333333,10.87267,1.75,0.358824583333333,0.358825,372.48891,137.37758,29.4538,109.478,-611.129,37.3167,176.091,-1840.51,29.9055,151.619,1061.2,1.37913414833333,1.50114683583333,0.103489
A,145,.,.,.,PRO,.,144,144,14,14,-15.5312857142857,22.3888571428571,-0.711571428571429,1.92,1.84162,0.491625,3.44137,7,106.53113,0.0579071857142857,0.434741142857143,0.158116142857143,-16.93988,1.57142857142857,0.651862571428571,0.651863,341.45127,86.74091,30.2561,113.991,-662.578,37.3167,176.091,-1840.51,29.9055,151.619,1061.2,0.936106142857143,0.931372714285714,0.0799786
A,146,.,.,.,ASP,.,145,145,3,3,-19.8415,20.746,1.039625,1.91,1.71635,0.28986,2.31888,8,70.56515,-0.108407125,0.5237495,0.19188475,-28.83307,1.5,0.66624225,0.666242,292.129,85.97437,31.0668,125.233,-679.808,37.3167,176.091,-1840.51,29.9055,151.619,1061.2,0.964528875,0.961659875,0.0753845
A,147,.,.,.,ALA,.,146,146,0,0,-19.2218,18.9244,4.2246,1.92,1.97378,0.96356,4.8178,5,20.85099,0.0048293,0.5001518,0.3269214,5.94584,1.6,0.442166,0.442166,166.3551,63.42588,29.3718,128.465,-475.284,41.3397,175.29,-1952.1,31.7331,142.96,-134.832,1.0943816,1.0917222,0.0527865
A,148,.,.,.,PHE,.,147,147,13,13,-21.6637272727273,15.1188181818182,4.07554545454545,1.91,2.05442,1.19411,13.1352,11,17.4021254,-0.173985727272727,0.165847636363636,0.0330864272727273,16.0535712,1.63636363636364,0.296302545454545,0.296303,260.50941,134.62303,29.6306,136.119,-301.206,41.3397,175.29,-1952.1,31.7331,142.96,-134.832,1.52701472727273,1.63127390909091,0.0445286
A,149,.,.,.,LYS,.,148,148,11,11,-24.1673333333333,19.1408888888889,8.60966666666667,1.92,1.70189,0.170134,1.53121,9,304.091036,-0.141410555555556,0.255760111111111,0.205008122222222,-154.515555,1.11111111111111,0.631972555555556,0.631973,740.1426,122.8403,31.5942,143.565,-252.248,41.3397,175.29,-1952.1,31.7331,142.96,-134.832,0.342493077777778,0.484978177777778,0.0218046
A,150,.,.,.,ASP,.,149,149,3,3,-22.37275,13.7885,9.83425,1.91,1.71635,0.28986,2.31888,8,69.24854,-0.3078445375,0.10888234625,0.157232125,-20.712343,1.5,0.3888165,0.388817,295.5949,86.91081,29.8618,143.382,69.5096,41.3397,175.29,-1952.1,31.7331,142.96,-134.832,1.1335441625,1.1258155125,0.072834
A,151,.,.,.,THR,.,150,150,16,16,-18.2014285714286,14.2417142857143,8.65014285714286,2.01,1.92461,0.687219,4.81053,7,1.945,-0.0410774285714286,0.0675808571428571,0.118969142857143,0.89939,2.14285714285714,0.374274285714286,0.374274,161.32528,87.35736,27.2152,131.354,77.4184,41.3397,175.29,-1952.1,31.7331,142.96,-134.832,1.81679814285714,2,0.052029
A,152,.,.,.,GLN,.,151,151,5,5,-16.5745555555556,11.7322222222222,12.1322222222222,1.91,1.77783,0.304099,2.73689,9,41.4707018,-0.117761222222222,0.0385892222222222,0.285834222222222,-21.96341923,1.77777777777778,0.431199333333333,0.431199,249.7692,105.42894,25.9346,124.865,304.347,41.3397,175.29,-1952.1,31.7331,142.96,-134.832,1.34271091111111,1.34199673333333,0.0399067
A,153,.,.,.,PHE,.,152,152,13,13,-11.9305454545455,13.8337272727273,7.47809090909091,1.91,2.05442,1.19411,13.1352,11,0,0,0,0,0,2.63636363636364,0.428359545454545,0.42836,180.74959,131.10797,24.8039,111.052,127.078,41.3397,175.29,-1952.1,31.7331,142.96,-134.832,2,2,0.0364211
A,154,.,.,.,PRO,.,153,153,14,14,-10.578,15.8665714285714,9.82085714285714,1.92,1.84162,0.491625,3.44137,7,0,0,0,0,0,2.14285714285714,0.572438428571429,0.572438,124.29773,87.93429,26.3084,111.748,-58.6673,37.3167,176.091,-1840.51,29.9055,151.619,1061.2,2,2,0.0356552
A,155,.,.,.,VAL,.,154,154,19,19,-12.5012857142857,18.8532857142857,6.71114285714286,2.01,2.38596,1.30011,9.1008,7,20.35543,-0.117855542857143,0.360175285714286,0.037124,14.36339,1.57142857142857,0.285825714285714,0.285826,217.15644,96.76147,27.1943,112.26,-287.48,37.3167,176.091,-1840.51,29.9055,151.619,1061.2,1.38612957142857,1.36753442857143,0.13987
A,156,.,.,.,GLN,.,155,155,5,5,-10.2172222222222,20.7955555555556,9.95411111111111,1.91,1.77783,0.304099,2.73689,9,165.161166,-0.2353369,0.591054555555556,0.209171133333333,-3.7230148,1.11111111111111,0.322591933333333,0.322592,475.3318,104.41905,29.2607,112.208,-399.411,37.3167,176.091,-1840.51,29.9055,151.619,1061.2,0.320202366666667,0.317837133333333,0.0782765
A,157,.,.,.,ALA,.,156,156,0,0,-7.1022,19.0246,7.5244,1.92,1.97378,0.96356,4.8178,5,2.069931,0.19154,0.2784256,0.2108106,0.287202,2,0.259376,0.259376,110.4007,63.49447,27.3107,99.4969,-323.372,37.3167,176.091,-1840.51,29.9055,151.619,1061.2,1.3543816,1.3393588,0.0173418
A,158,.,.,.,GLN,.,157,157,5,5,-8.49388888888889,18.387,3.046,1.91,1.77783,0.304099,2.73689,9,4.5829,-0.0174072222222222,0.109731444444444,-0.00129421111111111,-0.138318,2.44444444444444,0.641634888888889,0.641635,196.89706,105.38276,26.5159,95.3182,-356.076,31.377,142.744,-92.9645,41.3397,175.29,-1952.1,1.847815,1.83776366666667,0.247534
A,159,.,.,.,ALA,.,158,158,0,0,-4.374,20.4222,3.2544,1.92,1.97378,0.96356,4.8178,5,73.181,0.00964732,0.1964534,-0.0362354,5.24734,1.8,0.2713908,0.271391,266.4377,64.38473,27.6351,87.9073,-387.062,31.377,142.744,-92.9645,41.3397,175.29,-1952.1,1.601512138,1.601242204,0.145932
A,160,.,.,.,GLU,.,159,159,6,6,-1.97388888888889,18.6241111111111,5.99866666666667,1.91,1.80406,0.175107,1.57596,9,88.17461,0.141487888888889,0.221003544444444,0.285296777777778,-52.14363,1.55555555555556,0.226695488888889,0.226696,342.3644,103.40719,26.1424,80.8402,-277.137,31.377,142.744,-92.9645,41.3397,175.29,-1952.1,1.13447616666667,1.13393195555556,0.0270087
A,161,.,.,.,LEU,.,160,160,10,10,-5.3495,14.540875,3.2665,2.01,2.13035,1.31155,10.4924,8,0,0,0,0,0,2.875,0.478245,0.478245,171.04362,113.15789,24.0059,76.2189,-190.661,31.377,142.744,-92.9645,41.3397,175.29,-1952.1,2,2,0.030858
A,162,.,.,.,TRP,.,161,161,17,17,-3.61514285714286,16.9067857142857,-2.27228571428571,1.91,2.30258,1.10554,15.4775,14,100.399713,0.154239642857143,0.164560071428571,-0.136625742857143,37.954872,1.85714285714286,0.324633542857143,0.324633,475.83326,163.36557,24.9042,73.6198,-259.464,31.377,142.744,-92.9645,41.3397,175.29,-1952.1,1.49044723571429,1.48994464285714,0.071737
A,163,.,.,.,GLN,.,162,162,5,5,0.541111111111111,17.6764444444444,2.38922222222222,1.91,1.77783,0.304099,2.73689,9,146.21729,0.604842666666667,0.196443766666667,-0.227975955555556,-40.730042,1.22222222222222,0.297169888888889,0.29717,459.6007,106.0665,25.3465,67.9564,-204.353,31.377,142.744,-92.9645,41.3397,175.29,-1952.1,0.695201511111111,0.695139677777778,0.0287302
A,164,.,.,.,GLN,.,163,163,5,5,-0.399,12.2873333333333,3.41822222222222,1.91,1.77783,0.304099,2.73689,9,7.676332,0.163452,0.122692666666667,0.0871351111111111,-4.0157974,1.88888888888889,0.488591333333333,0.488591,241.0395,106.08524,23.1185,59.5072,-139.754,31.377,142.744,-92.9645,41.3397,175.29,-1952.1,1.70179344444444,1.84291866666667,0.0350338
A,165,.,.,.,MET,.,164,164,12,12,-2.66675,12.440875,-1.81175,1.94,1.97827,0.890458,7.12366,8,8.61382,0.07022475,0.092211125,-0.04680375,6.27651,2.125,0.51749625,0.517496,215.4964,115.22407,22.706,58.1229,-157.794,31.377,142.744,-92.9645,41.3397,175.29,-1952.1,1.810550625,1.809886375,0.0441682
A,166,.,.,.,VAL,.,165,165,19,19,0.836142857142857,9.97385714285714,-3.91614285714286,2.01,2.38596,1.30011,9.1008,7,28.39833,0.262587,0.0470101428571429,-0.0504161857142857,18.27593,1.71428571428571,0.283632857142857,0.283633,239.8446,96.90457,23.0332,56.9328,-145.435,31.377,142.744,-92.9645,41.3397,175.29,-1952.1,1.60225342857143,1.60183714285714,0.0273738
A,167,.,.,.,PRO,.,166,166,14,14,1.461,9.53042857142857,-7.44657142857143,1.92,1.84162,0.491625,3.44137,7,69.9207,0.195066857142857,0.192296571428571,-0.0177204285714286,-14.90126,1.85714285714286,0.468656571428571,0.468657,297.80607,88.42422,23.5799,61.411,-152.076,31.377,142.744,-92.9645,41.3397,175.29,-1952.1,1.59270214285714,1.59233485714286,0.149996
A,168,.,.,.,ASP,.,167,167,3,3,-1.141375,4.98025,-8.309625,1.91,1.71635,0.28986,2.31888,8,0,0,0,0,0,2.375,0.68649925,0.686499,119.16886,84.6335,22.3987,56.4763,-153.007,31.0261,128.563,-153.742,39.1789,174.155,-2008.04,2,2,0.202841
A,169,.,.,.,TRP,.,168,168,17,17,3.45528571428571,4.60364285714286,-11.153,1.91,2.30258,1.10554,15.4775,14,22.8980265,0.0990534285714286,0.169083428571429,0.0506427857142857,8.078629662,2,0.243789857142857,0.24379,346.62688,164.50426,23.1441,64.7745,-176.042,32.8833,121.978,-210.657,39.1789,174.155,-2008.04,1.70940228571429,1.71087557142857,0.200494
A,170,.,.,.,LEU,.,169,169,10,10,-2.01725,-0.278125,-9.749125,2.01,2.13035,1.31155,10.4924,8,12.5580296,-0.154510875,-0.0497727875,-0.18644425,6.681081,1.875,0.1592413375,0.159241,223.40612,111.88676,22.2957,56.1981,-133.088,32.8833,121.978,-210.657,39.1789,174.155,-2008.04,1.676701125,1.67575125,0.19559
A,171,.,.,.,GLY,.,170,170,7,7,-1.465,-0.13575,-13.85825,1.9,1.11007,0.529328,2.11731,4,41.9827,-0.31587175,-0.21778975,-0.233624,4.04896,1.5,0.1650486,0.165049,181.4189,47.02126,24.1831,64.0471,-130.975,32.8833,121.978,-210.657,39.1789,174.155,-2008.04,1.302926,1.30079875,0.107968
A,172,.,.,.,SER,.,171,171,15,15,2.07183333333333,-0.370166666666667,-14.3431666666667,1.91,1.73647,0.568003,3.40802,6,31.375224,0.00571209999999999,-0.2011015,-0.436314666666667,11.022656,1.5,0.264357666666667,0.264358,210.6529,70.02876,25.246,78.0675,-217.648,32.8833,121.978,-210.657,39.1789,174.155,-2008.04,1.32873916666667,1.333982,0.0925009
A,173,.,.,.,MET,.,172,172,12,12,1.997,-2.977375,-11.453125,1.94,1.97827,0.890458,7.12366,8,2.437421,-0.06279665,-0.031573475,-0.232748,2.75033,1.875,0.1658894125,0.165889,221.9734,114.90986,24.3103,72.28,-166.874,32.8833,121.978,-210.657,39.1789,174.155,-2008.04,1.6481185,1.65085025,0.117027
A,174,.,.,.,PRO,.,173,173,14,14,0.955714285714286,-6.91428571428571,-12.5147142857143,1.92,1.84162,0.491625,3.44137,7,81.730691,0.110523857142857,-0.200747085714286,-0.514787914285714,-13.031695,1.28571428571429,0.247282857142857,0.247283,319.32882,88.68122,24.9786,69.598,-110.511,32.8833,121.978,-210.657,39.1789,174.155,-2008.04,0.811286242857143,0.814418,0.0841231
A,175,.,.,.,THR,.,174,174,16,16,-3.28128571428571,-8.34328571428571,-11.7017142857143,2.01,1.92461,0.687219,4.81053,7,116.95259,-0.325929714285714,-0.0603376571428572,-0.536496571428571,15.38766,1.28571428571429,0.212252071428571,0.212252,401.8881,87.72543,24.1135,61.7098,-74.1576,32.8833,121.978,-210.657,39.1789,174.155,-2008.04,0.850567628571429,0.844999928571429,0.0986659
A,176,.,.,.,PRO,.,175,175,14,14,-2.07214285714286,-10.2495714285714,-8.981,1.92,1.84162,0.491625,3.44137,7,59.33412,0.00442361428571428,-0.342312142857143,-0.113244142857143,5.652117,1.71428571428571,0.419833714285714,0.419834,280.10476,88.24967,23.2599,61.233,-83.2098,32.8833,121.978,-210.657,39.1789,174.155,-2008.04,1.2544794,1.24461305714286,0.0530782
A,177,.,.,.,ASN,.,176,176,2,2,0.10475,-5.8935,-7.1675,1.91,1.56635,0.356168,2.84934,8,0,0,0,0,0,2.25,0.430569375,0.43057,135.22504,89.64664,22.1408,57.9948,-112.601,32.8833,121.978,-210.657,39.1789,174.155,-2008.04,2,2,0.13014
A,178,.,.,.,PRO,.,177,177,14,14,3.36014285714286,-7.04042857142857,-6.87814285714286,1.92,1.84162,0.491625,3.44137,7,4.55032,0.103187571428571,-0.230384571428571,-0.128218142857143,-0.241678,1.85714285714286,0.450769428571429,0.450769,166.04255,88.05655,22.6415,65.258,-141.957,31.5942,143.565,-252.248,41.3397,175.29,-1952.1,1.65738928571429,2,0.0702051
A,179,.,.,.,THR,.,178,178,16,16,1.88314285714286,-6.30085714285714,-2.78114285714286,2.01,1.92461,0.687219,4.81053,7,0,0,0,0,0,3,0.691736428571429,0.691737,122.49727,87.5656,21.0496,57.3031,-119.912,31.5942,143.565,-252.248,41.3397,175.29,-1952.1,2,2,0.0686448
A,180,.,.,.,VAL,.,179,179,19,19,-0.0707142857142857,-10.229,-3.23,2.01,2.38596,1.30011,9.1008,7,0,0,0,0,0,2.57142857142857,0.394217428571429,0.394217,127.62825,96.02945,21.5158,61.7292,-88.3895,31.5942,143.565,-252.248,41.3397,175.29,-1952.1,2,2,0.0454452
A,181,.,.,.,ALA,.,180,180,0,0,3.5576,-12.012,-3.041,1.92,1.97378,0.96356,4.8178,5,28.2332,0.0943796,-0.0607314,-0.1655422,2.02442,1.8,0.3138024,0.313802,183.6881,64.1757,23.2337,71.2238,-126.606,31.5942,143.565,-252.248,41.3397,175.29,-1952.1,1.6869206,1.6820416,0.0428689
A,182,.,.,.,ASN,.,181,181,2,2,5.690125,-9.262625,-1.34475,1.91,1.56635,0.356168,2.84934,8,0.120183,0.010767125,-0.036305125,-0.119126,-0.0418378,2.25,0.607898625,0.607898,141.14795,91.55989,22.5298,69.591,-135.491,31.5942,143.565,-252.248,41.3397,175.29,-1952.1,1.8585525,2,0.052894
A,183,.,.,.,LEU,.,182,182,10,10,1.65175,-9.58975,1.73425,2.01,2.13035,1.31155,10.4924,8,0,0,0,0,0,3.375,0.75697175,0.756972,164.1705,112.47874,21.4739,67.3735,-54.288,31.5942,143.565,-252.248,41.3397,175.29,-1952.1,2,2,0.0310683
A,184,.,.,.,SER,.,183,183,15,15,3.08033333333333,-14.4095,1.406,1.91,1.73647,0.568003,3.40802,6,2.403844,0.180174333333333,-0.1452265,-0.239481,-0.3797952,2,0.489596666666667,0.489597,128.23064,70.11561,23.2229,78.594,-96.6683,31.5942,143.565,-252.248,41.3397,175.29,-1952.1,1.56867166666667,1.77016166666667,0.0364555
A,185,.,.,.,LYS,.,184,184,11,11,7.525,-13.5237777777778,0.509333333333333,1.92,1.70189,0.170134,1.53121,9,98.96673,0.223985222222222,-0.314238888888889,-0.0629222333333333,-69.28783,1.55555555555556,0.424134777777778,0.424135,409.3732,122.2137,24.4115,81.3024,-139.303,31.5942,143.565,-252.248,41.3397,175.29,-1952.1,1.21811244444444,1.21437566666667,0.0301805
A,186,.,.,.,LEU,.,185,185,10,10,5.655875,-10.61125,5.647,2.01,2.13035,1.31155,10.4924,8,0,0,0,0,0,2.375,0.56754725,0.567547,170.24976,113.81494,23.2411,78.659,-91.8486,31.5942,143.565,-252.248,41.3397,175.29,-1952.1,2,2,0.0357035
A,187,.,.,.,ALA,.,186,186,0,0,3.4152,-14.115,6.576,1.92,1.97378,0.96356,4.8178,5,0,0,0,0,0,2.4,0.5290842,0.529084,95.38481,63.96753,23.4211,86.1947,-30.033,39.1789,174.155,-2008.04,29.9055,151.619,1061.2,2,2,0.0253575
A,188,.,.,.,ILE,.,187,187,9,9,5.759625,-17.240375,5.501125,2.01,2.51899,1.41804,11.3444,8,53.098741,0.29647825,-0.15376275,-0.1140902875,41.882651,1.625,0.104433925,0.104434,305.01509,114.033,25.7893,93.0615,-128.704,31.0668,125.233,-679.808,37.3167,176.091,-1840.51,1.3053674625,1.30300935,0.0218134
A,189,.,.,.,LYS,.,188,188,11,11,9.37588888888889,-13.7286666666667,6.54477777777778,1.92,1.70189,0.170134,1.53121,9,126.64921,0.641546666666667,-0.177719888888889,0.171275022222222,-43.942615,1.22222222222222,0.519921777777778,0.519922,468.2915,122.51573,26.2419,91.3511,-139.437,31.0668,125.233,-679.808,37.3167,176.091,-1840.51,0.528262322222222,0.524391422222222,0.0447474
A,190,.,.,.,LEU,.,189,189,10,10,5.892625,-12.8065,10.653,2.01,2.13035,1.31155,10.4924,8,25.582099,0.262179,-8.07624999999996e-05,0.245141,17.624737,1.625,0.366084625,0.366084,248.7268,113.06419,25.4499,94.7652,-70.4443,39.1789,174.155,-2008.04,29.9055,151.619,1061.2,1.4871455,1.650797625,0.0261587
A,191,.,.,.,ASP,.,190,190,3,3,5.493125,-17.532625,11.436625,1.91,1.71635,0.28986,2.31888,8,116.43375,0.0276408125,-0.682978875,0.1700564125,-46.344488,1.125,0.247409625,0.247409,388.6292,87.35963,26.7839,102.725,-60.4636,39.1789,174.155,-2008.04,29.9055,151.619,1061.2,0.554039925,0.8622156125,0.0190939
A,192,.,.,.,GLY,.,191,191,7,7,1.70175,-14.75475,11.61375,1.9,1.11007,0.529328,2.11731,4,0.00614414,-0.0736865,-0.23841475,0.0151234,-0.000179997,1.75,0.490823,0.490823,74.0135,46.86095,25.0754,103.169,96.7748,39.1789,174.155,-2008.04,29.9055,151.619,1061.2,1.67418025,2,0.0253016
A,193,.,.,.,THR,.,192,192,16,16,-0.165285714285714,-11.7768571428571,10.1222857142857,2.01,1.92461,0.687219,4.81053,7,0,0,0,0,0,2.71428571428571,0.834692142857143,0.834692,125.2031,88.05019,22.8968,93.7719,228.417,39.1789,174.155,-2008.04,29.9055,151.619,1061.2,2,2,0.0225279
A,194,.,.,.,VAL,.,193,193,19,19,-3.57457142857143,-9.77428571428571,11.001,2.01,2.38596,1.30011,9.1008,7,0,0,0,0,0,3.14285714285714,0.834313857142857,0.834314,148.3623,97.53993,21.7349,90.4648,439.17,41.3397,175.29,-1952.1,31.7331,142.96,-134.832,2,2,0.0290287
A,195,.,.,.,LEU,.,194,194,10,10,-3.4345,-9.25,6.51325,2.01,2.13035,1.31155,10.4924,8,0,0,0,0,0,3.75,0.906626,0.906626,177.4817,114.1136,20.3028,73.956,349.127,41.3397,175.29,-1952.1,31.7331,142.96,-134.832,2,2,0.0372709
A,196,.,.,.,LEU,.,195,195,10,10,-5.576,-4.1965,7.982,2.01,2.13035,1.31155,10.4924,8,0,0,0,0,0,4.5,0.983865625,0.983866,159.613,110.75834,19.5133,67.544,456.319,41.3397,175.29,-1952.1,31.7331,142.96,-134.832,2,2,0.0742015
A,197,.,.,.,SER,.,196,196,15,15,-6.80683333333333,-3.71833333333333,3.94783333333333,1.91,1.73647,0.568003,3.40802,6,0,0,0,0,0,4.5,0.970183333333333,0.970183,99.3656,70.03203,18.9372,55.8235,300.944,41.3397,175.29,-1952.1,31.7331,142.96,-134.832,2,2,0.091735
A,198,.,.,.,HIS,.,197,197,8,8,-8.2919,1.1485,2.5987,1.91,1.68392,0.470428,4.70428,10,0,0,0,0,0,3.7,0.82246,0.82246,169.65954,111.44593,18.999,53.6652,277.558,41.3397,175.29,-1952.1,31.7331,142.96,-134.832,2,2,0.0495465
A,199,.,.,.,SER,.,198,198,15,15,-9.561,0.288333333333333,-1.0525,1.91,1.73647,0.568003,3.40802,6,0,0,0,0,0,2.33333333333333,0.602098166666667,0.602098,119.1734,69.43434,19.7,54.0906,186.56,41.3397,175.29,-1952.1,31.7331,142.96,-134.832,2,2,0.144567
A,200,.,.,.,GLN,.,199,199,5,5,-6.89877777777778,-0.699111111111111,-4.86433333333333,1.91,1.77783,0.304099,2.73689,9,20.8028,-0.134271555555556,-0.0291277333333333,-0.172648,-10.88231,2,0.602374111111111,0.602374,277.7166,104.42484,19.978,46.5652,35.1799,41.3397,175.29,-1952.1,31.7331,142.96,-134.832,1.71368477777778,1.71177888888889,0.160172
A,201,.,.,.,SER,.,200,200,15,15,-5.68816666666667,-3.09766666666667,-0.688833333333333,1.91,1.73647,0.568003,3.40802,6,0,0,0,0,0,3.5,0.669283333333333,0.669283,84.3549,68.40703,19.3349,46.6342,53.0552,41.3397,175.29,-1952.1,31.7331,142.96,-134.832,2,2,0.0461197
A,202,.,.,.,GLY,.,201,201,7,7,-8.64525,-5.14025,-0.17275,1.9,1.11007,0.529328,2.11731,4,0,0,0,0,0,3,0.860777,0.860777,68.6235,46.6069,19.6323,57.2118,209.141,41.3397,175.29,-1952.1,31.7331,142.96,-134.832,2,2,0.122791
A,203,.,.,.,ILE,.,202,202,9,9,-8.62075,-7.956625,-3.05425,2.01,2.51899,1.41804,11.3444,8,0.420835,-0.014636125,-0.174781,-0.1749805,0.360808,2,0.41794125,0.417941,207.36015,113.59455,20.6822,60.9283,112.371,41.3397,175.29,-1952.1,31.7331,142.96,-134.832,1.726485,2,0.145858
A,204,.,.,.,TYR,.,203,203,18,18,-3.87691666666667,-6.36666666666667,-2.69841666666667,1.91,2.17883,0.980299,11.7636,12,0,0,0,0,0,2.91666666666667,0.456196083333333,0.456196,207.3739,139.2365,20.3216,57.0811,43.4845,41.3397,175.29,-1952.1,31.7331,142.96,-134.832,2,2,0.0691586
A,205,.,.,.,PRO,.,204,204,14,14,-5.59642857142857,-9.89085714285714,1.55085714285714,1.92,1.84162,0.491625,3.44137,7,0,0,0,0,0,3.28571428571429,0.97233,0.97233,122.71832,87.90814,20.5999,68.1422,146.224,41.3397,175.29,-1952.1,31.7331,142.96,-134.832,2,2,0.0629067
A,206,.,.,.,PHE,.,205,205,13,13,-9.393,-12.0814545454545,0.513,1.91,2.05442,1.19411,13.1352,11,0,0,0,0,0,2.72727272727273,0.742607727272727,0.742608,204.7112,133.3488,21.9609,77.8717,101.054,41.3397,175.29,-1952.1,31.7331,142.96,-134.832,2,2,0.0702778
A,207,.,.,.,GLN,.,206,206,5,5,-5.35088888888889,-11.7078888888889,-4.36577777777778,1.91,1.77783,0.304099,2.73689,9,17.71929,-0.126746222222222,-0.138700333333333,-0.118622888888889,-7.36348,1.77777777777778,0.590142222222222,0.590142,232.03324,105.84043,22.5742,71.409,-35.2494,41.3397,175.29,-1952.1,31.7331,142.96,-134.832,1.74435688888889,2,0.135906
A,208,.,.,.,THR,.,207,207,16,16,-2.265,-13.56,-0.398142857142857,2.01,1.92461,0.687219,4.81053,7,0,0,0,0,0,2.42857142857143,0.687258428571429,0.687258,119.03123,87.5377,22.4325,74.3677,-44.6452,41.3397,175.29,-1952.1,31.7331,142.96,-134.832,2,2,0.0288669
A,209,.,.,.,ALA,.,208,208,0,0,-4.6876,-16.676,0.5388,1.92,1.97378,0.96356,4.8178,5,0,0,0,0,0,2.4,0.5490456,0.549046,92.699,63.32154,23.6384,87.9945,-28.9868,41.3397,175.29,-1952.1,31.7331,142.96,-134.832,2,2,0.0416466
A,210,.,.,.,ALA,.,209,209,0,0,-5.1116,-17.9928,-2.7592,1.92,1.97378,0.96356,4.8178,5,55.7713,-0.0540044,-0.179626,-0.3265908,17.61995,1.8,0.4938134,0.493813,245.6346,64.28557,25.154,88.2826,-134.547,41.3397,175.29,-1952.1,31.7331,142.96,-134.832,1.3065748,1.298827,0.0376889
A,211,.,.,.,MET,.,210,210,12,12,-1.06725,-17.05,-3.832875,1.94,1.97827,0.890458,7.12366,8,107.202264,0.1500691125,-0.342519125,-0.468953875,59.086706,1.375,0.1873239375,0.187324,413.6167,114.91305,25.5448,83.4993,-148.521,31.5942,143.565,-252.248,41.3397,175.29,-1952.1,0.8317255,0.83143825,0.0305656
A,212,.,.,.,ASN,.,211,211,2,2,0.099875,-19.529375,0.543125,1.91,1.56635,0.356168,2.84934,8,63.40336788,0.250335,-0.093223525,-0.20170525,-28.44664911,1.625,0.27524795,0.275248,266.62291,90.49756,26.0287,91.2507,-155.514,41.3397,175.29,-1952.1,31.7331,142.96,-134.832,1.297837625,1.2969457875,0.0175321
A,213,.,.,.,PRO,.,212,212,14,14,-2.60585714285714,-20.1864285714286,3.13857142857143,1.92,1.84162,0.491625,3.44137,7,68.45692,-0.0504621571428571,-0.421204428571429,0.180306428571429,-17.477022,1.57142857142857,0.4276903,0.42769,303.72988,88.70783,25.6241,98.7778,-82.3537,41.3397,175.29,-1952.1,31.7331,142.96,-134.832,1.10946214285714,1.102362,0.0481694
A,214,.,.,.,LYS,.,213,213,11,11,2.34044444444444,-20.4078888888889,5.44455555555556,1.92,1.70189,0.170134,1.53121,9,150.74099,-0.0992687777777778,-0.521687777777778,0.165074211111111,-93.51216,1.33333333333333,0.272112744444444,0.272113,480.72899,121.98366,26.4635,100.457,-93.9587,41.3397,175.29,-1952.1,31.7331,142.96,-134.832,0.819801488888889,0.816420855555556,0.0253211
A,215,.,.,.,GLY,.,214,214,7,7,0.285,-16.91625,7.9045,1.9,1.11007,0.529328,2.11731,4,12.92583,-0.15014525,-0.3269235,0.3467655,9.1226209,1.5,0.58532625,0.585326,108.8121,46.86419,25.1788,99.9318,-2.50314,41.3397,175.29,-1952.1,31.7331,142.96,-134.832,1.32815875,1.32017,0.0438112
A,216,.,.,.,ILE,.,215,215,9,9,-2.949375,-15.6865,6.4375,2.01,2.51899,1.41804,11.3444,8,5.68079,0.013309125,-0.11425,0.04893675,5.38643,2.125,0.500476125,0.500476,188.4363,113.6105,23.519,96.4672,150.896,41.3397,175.29,-1952.1,31.7331,142.96,-134.832,1.833875625,1.831148625,0.0312471
A,217,.,.,.,THR,.,216,216,16,16,-4.224,-15.3302857142857,11.3148571428571,2.01,1.92461,0.687219,4.81053,7,8.1878864,-0.0241253142857143,-0.546394857142857,0.0506499428571429,3.63128403,1.57142857142857,0.685042857142857,0.685043,176.18201,87.84147,24.1964,106.804,333.876,41.3397,175.29,-1952.1,31.7331,142.96,-134.832,1.25999185714286,2,0.0450575
A,218,.,.,.,ALA,.,217,217,0,0,-6.6332,-12.7502,9.7486,1.92,1.97378,0.96356,4.8178,5,0,0,0,0,0,2.6,0.9503978,0.950398,96.9381,64.02908,22.8923,103.199,513.385,41.3397,175.29,-1952.1,31.7331,142.96,-134.832,2,2,0.0716186
A,219,.,.,.,ILE,.,218,218,9,9,-8.40125,-10.994875,6.5205,2.01,2.51899,1.41804,11.3444,8,0,0,0,0,0,3.375,0.89113575,0.891136,164.4826,113.75553,21.2842,89.3124,522.805,41.3397,175.29,-1952.1,31.7331,142.96,-134.832,2,2,0.0449206
A,220,.,.,.,VAL,.,219,219,19,19,-9.17285714285714,-6.70471428571429,8.345,2.01,2.38596,1.30011,9.1008,7,0,0,0,0,0,3.71428571428571,0.984717142857143,0.984717,133.8326,95.28611,20.5517,84.7466,680.108,41.3397,175.29,-1952.1,31.7331,142.96,-134.832,2,2,0.0838336
A,221,.,.,.,SER,.,220,220,15,15,-11.0318333333333,-5.4535,4.76333333333333,1.91,1.73647,0.568003,3.40802,6,0,0,0,0,0,3.83333333333333,0.999232,0.999232,105.9731,70.11676,19.9213,73.9235,542.693,41.3397,175.29,-1952.1,31.7331,142.96,-134.832,2,2,0.116391
A,222,.,.,.,VAL,.,221,221,19,19,-11.2164285714286,-1.00771428571429,5.32728571428571,2.01,2.38596,1.30011,9.1008,7,0,0,0,0,0,3.85714285714286,0.903086428571429,0.903086,147.26415,97.10525,19.8768,73.5205,595.101,41.3397,175.29,-1952.1,31.7331,142.96,-134.832,2,2,0.0940562
A,223,.,.,.,GLU,.,222,222,6,6,-14.0818888888889,1.19177777777778,2.80222222222222,1.91,1.80406,0.175107,1.57596,9,0,0,0,0,0,3.22222222222222,0.917926111111111,0.917926,138.8082,100.91982,20.5887,75.9994,482.277,41.3397,175.29,-1952.1,31.7331,142.96,-134.832,2,2,0.0617644
A,224,.,.,.,PRO,.,223,223,14,14,-13.1578571428571,-3.06342857142857,0.192428571428571,1.92,1.84162,0.491625,3.44137,7,0,0,0,0,0,2.85714285714286,0.775979285714286,0.775979,129.9783,87.53446,20.4076,66.6145,304.499,41.3397,175.29,-1952.1,31.7331,142.96,-134.832,2,2,0.0911324
A,225,.,.,.,GLY,.,224,224,7,7,-13.21525,-2.39775,-3.98175,1.9,1.11007,0.529328,2.11731,4,10.808493,0.14399625,0.060272175,-0.69525825,2.03628266,1.5,0.578099,0.578099,126.2116,47.26494,21.3109,61.7749,154.801,41.3397,175.29,-1952.1,31.7331,142.96,-134.832,0.99224075,1.28158,0.0543198
A,226,.,.,.,GLU,.,225,225,6,6,-12.7688888888889,-6.49477777777778,-5.69611111111111,1.91,1.80406,0.175107,1.57596,9,69.0522,-0.125198177777778,0.187457444444444,-0.426986222222222,-40.90961,1.44444444444444,0.623236777777778,0.623237,376.2101,103.58697,22.185,67.71,129.141,41.3397,175.29,-1952.1,31.7331,142.96,-134.832,1.21433,1.20635133333333,0.27205
A,227,.,.,.,CYS,.,226,226,4,4,-14.701,-8.44033333333333,-2.6275,1.91,2.00989,1.38398,8.30386,6,0,0,0,0,0,2.16666666666667,0.534353833333333,0.534354,135.14859,77.54595,22.5834,80.4616,174.579,41.3397,175.29,-1952.1,31.7331,142.96,-134.832,2,2,0.0959611
A,228,.,.,.,PRO,.,227,227,14,14,-13.9417142857143,-11.9598571428571,-2.98328571428571,1.92,1.84162,0.491625,3.44137,7,0.403593,0.200341571428571,-0.0405061428571429,-0.199492857142857,0.19625554,1.85714285714286,0.738191428571429,0.738192,140.89774,84.52633,24.0134,86.148,25.5433,41.3397,175.29,-1952.1,31.7331,142.96,-134.832,1.68865485714286,2,0.0853422
A,229,.,.,.,LYS,.,228,228,11,11,-15.9507777777778,-13.565,-7.72866666666667,1.92,1.70189,0.170134,1.53121,9,161.30286,-0.180443444444444,0.115911111111111,-0.224194444444444,-124.04603,1.55555555555556,0.637694,0.637694,503.99829,122.00016,26.3909,93.5199,-110.903,41.3397,175.29,-1952.1,31.7331,142.96,-134.832,1.2558621,1.24903228888889,0.291414
A,230,.,.,.,PRO,.,229,229,14,14,-19.1435714285714,-15.5604285714286,-4.527,1.92,1.84162,0.491625,3.44137,7,38.724487,-0.520151857142857,-0.164697571428571,-0.185835957142857,-7.3840908,1.28571428571429,0.483549285714286,0.483549,245.90807,88.51203,27.9786,110.104,-203.122,41.3397,175.29,-1952.1,31.7331,142.96,-134.832,0.89675,0.882048428571429,0.211857
A,231,.,.,.,GLU,.,230,230,6,6,-18.1957777777778,-18.1264444444444,-7.22233333333333,1.91,1.80406,0.175107,1.57596,9,184.49279,-0.216528722222222,-0.290368,-0.396506,-62.57359,1.22222222222222,0.488924777777778,0.488925,511.2838,103.49615,29.6602,107.052,-339.974,41.3397,175.29,-1952.1,31.7331,142.96,-134.832,0.559935866666667,0.5558448,0.292355
A,232,.,.,.,ASP,.,231,231,3,3,-13.6,-17.622625,-5.49475,1.91,1.71635,0.28986,2.31888,8,75.907476,0.379556375,0.079161375,-0.202251125,-37.223725,1.5,0.620266,0.620266,313.2108,87.52062,27.6089,101.483,-255.504,41.3397,175.29,-1952.1,31.7331,142.96,-134.832,1.208173875,1.3376652625,0.0471559
A,233,.,.,.,VAL,.,232,232,19,19,-15.2801428571429,-18.8661428571429,-0.796285714285714,2.01,2.38596,1.30011,9.1008,7,5.50328,-0.081124,-0.0923871428571429,-0.072744,3.79797,2,0.344786571428571,0.344787,163.1185,97.23761,27.1808,113.374,-201.408,41.3397,175.29,-1952.1,31.7331,142.96,-134.832,1.79151028571429,1.78664642857143,0.0497249
A,234,.,.,.,LYS,.,233,233,11,11,-12.8116666666667,-24.0166666666667,-1.35466666666667,1.92,1.70189,0.170134,1.53121,9,228.2754,-0.1101004,-0.3138687,-0.0287666666666667,-160.782622,1.33333333333333,0.489672555555556,0.489673,606.87279,121.37524,29.1457,117.978,-329.765,41.3397,175.29,-1952.1,31.7331,142.96,-134.832,0.885525811111111,0.880936233333333,0.0420559
A,235,.,.,.,PRO,.,234,234,14,14,-9.96114285714286,-20.75,-0.524285714285714,1.92,1.84162,0.491625,3.44137,7,36.484915,0.237088571428571,-0.471443857142857,-0.264017428571429,-1.721899,1.28571428571429,0.548616142857143,0.548616,272.33026,88.11671,27.58,109.165,-222.054,41.3397,175.29,-1952.1,31.7331,142.96,-134.832,0.996045571428571,1.19052828571429,0.0449295
A,236,.,.,.,LEU,.,235,235,10,10,-10.867,-17.84175,2.184375,2.01,2.13035,1.31155,10.4924,8,0,0,0,0,0,2.25,0.494467875,0.494468,180.1589,112.63722,25.8187,111.57,-20.9742,41.3397,175.29,-1952.1,31.7331,142.96,-134.832,2,2,0.0595262
A,237,.,.,.,THR,.,236,236,16,16,-13.0222857142857,-21.642,4.84657142857143,2.01,1.92461,0.687219,4.81053,7,35.1666645,-0.0127910142857143,-0.494195,0.175673857142857,0.76608482,1.57142857142857,0.362890185714286,0.36289,235.4176,88.27909,27.8158,126.462,-43.7346,41.3397,175.29,-1952.1,31.7331,142.96,-134.832,1.00882241428571,1.21146208571429,0.0469148
A,238,.,.,.,SER,.,237,237,15,15,-9.564,-21.1525,7.51816666666667,1.91,1.73647,0.568003,3.40802,6,110.3146,0.140701666666667,-0.388137333333333,0.345646383333333,-9.14917,1.33333333333333,0.335234833333333,0.335235,339.896,70.3848,27.7721,125.107,94.7851,41.3397,175.29,-1952.1,31.7331,142.96,-134.832,0.802974833333333,0.797930616666667,0.0390091
A,239,.,.,.,ILE,.,238,238,9,9,-8.87925,-17.208375,6.99375,2.01,2.51899,1.41804,11.3444,8,0,0,0,0,0,2.25,0.473232,0.473232,187.1737,113.54783,25.1476,115.611,288.354,41.3397,175.29,-1952.1,31.7331,142.96,-134.832,2,2,0.0368947
A,240,.,.,.,PRO,.,239,239,14,14,-10.8452857142857,-15.3572857142857,10.1187142857143,1.92,1.84162,0.491625,3.44137,7,11.91224,0.0700762428571429,-0.212639428571429,0.162510285714286,-4.227305,2,0.768530285714286,0.76853,174.68163,88.71582,24.7552,119.715,553.865,41.3397,175.29,-1952.1,31.7331,142.96,-134.832,1.58431842857143,1.57414671428571,0.0518862
A,241,.,.,.,VAL,.,240,240,19,19,-13.1002857142857,-12.2558571428571,7.311,2.01,2.38596,1.30011,9.1008,7,0,0,0,0,0,2.85714285714286,0.793657714285714,0.793658,142.50265,96.89593,23.0857,109.006,624.669,41.3397,175.29,-1952.1,31.7331,142.96,-134.832,2,2,0.0584322
A,242,.,.,.,LEU,.,241,241,10,10,-13.69725,-7.8895,9.54225,2.01,2.13035,1.31155,10.4924,8,0,0,0,0,0,3,0.921630125,0.92163,157.7719,113.37397,22.4379,106.268,837.184,41.3397,175.29,-1952.1,31.7331,142.96,-134.832,2,2,0.0391576
A,243,.,.,.,VAL,.,242,242,19,19,-15.5682857142857,-6.338,5.86071428571429,2.01,2.38596,1.30011,9.1008,7,0,0,0,0,0,3,0.914178285714286,0.914178,142.0038,96.91019,21.7452,97.4387,749.605,41.3397,175.29,-1952.1,31.7331,142.96,-134.832,2,2,0.0932045
A,244,.,.,.,VAL,.,243,243,19,19,-15.2464285714286,-2.27142857142857,7.74628571428571,2.01,2.38596,1.30011,9.1008,7,0,0,0,0,0,3,0.898759,0.898759,148.37212,97.32479,21.7372,98.9621,861.144,41.3397,175.29,-1952.1,31.7331,142.96,-134.832,2,2,0.0461086
A,245,.,.,.,PHE,.,244,244,13,13,-18.128,-1.31709090909091,4.59936363636364,1.91,2.05442,1.19411,13.1352,11,0,0,0,0,0,2.63636363636364,0.718425090909091,0.718425,191.02971,132.9162,22.4605,102.978,748.981,41.3397,175.29,-1952.1,31.7331,142.96,-134.832,2,2,0.106635
A,246,.,.,.,GLY,.,245,245,7,7,-19.33125,3.2525,6.639,1.9,1.11007,0.529328,2.11731,4,0,0,0,0,0,2.75,0.6687385,0.668739,72.6282,47.04573,23.2975,111.382,699.571,41.3397,175.29,-1952.1,31.7331,142.96,-134.832,2,2,0.150617
A,247,.,.,.,ASP,.,246,246,3,3,-21.305125,6.196375,7.209125,1.91,1.71635,0.28986,2.31888,8,0.673145,-0.225808,0.07703525,-0.0522287625,-0.260687,2,0.523794875,0.523795,140.2005,86.35999,25.2933,124.129,510.271,41.3397,175.29,-1952.1,31.7331,142.96,-134.832,1.682585375,2,0.282483
A,248,.,.,.,HIS,.,247,247,8,8,-22.4987,9.3985,4.2913,1.91,1.68392,0.470428,4.70428,10,23.32025,-0.3799367,-0.0493494,0.08994769,7.6476648,1.6,0.3744443,0.374444,267.214,112.13058,26.6329,125.441,226.761,41.3397,175.29,-1952.1,31.7331,142.96,-134.832,1.4881865,2,0.12245
A,249,.,.,.,ILE,.,248,248,9,9,-22.4055,3.98775,1.4475,2.01,2.51899,1.41804,11.3444,8,0,0,0,0,0,2.25,0.24970475,0.249705,183.41276,111.83188,25.7418,115.431,269.676,41.3397,175.29,-1952.1,31.7331,142.96,-134.832,2,2,0.12706
A,250,.,.,.,GLU,.,249,249,6,6,-26.6336666666667,3.92677777777778,-0.273,1.91,1.80406,0.175107,1.57596,9,136.44067,-0.517545,-0.0670438122222222,0.0839561111111111,-47.1563,1.33333333333333,0.524490222222222,0.52449,465.5124,103.73745,28.2645,122.073,138.332,41.3397,175.29,-1952.1,31.7331,142.96,-134.832,0.699170677777778,0.6981106,0.0792813
A,251,.,.,.,GLU,.,250,250,6,6,-25.9322222222222,9.66588888888889,-1.15222222222222,1.91,1.80406,0.175107,1.57596,9,148.16993,-0.452107888888889,0.344969544444444,-0.350337888888889,-60.894607,1.22222222222222,0.374282444444444,0.374282,478.6185,103.58744,29.1114,120.646,-77.4176,41.3397,175.29,-1952.1,31.7331,142.96,-134.832,0.4980561,0.496367866666667,0.0582797
A,252,.,.,.,PHE,.,251,251,13,13,-21.337,8.56663636363636,-2.62054545454545,1.91,2.05442,1.19411,13.1352,11,0.259812,-0.0260752727272727,0.0468919090909091,-0.0733872727272727,0.254194,1.90909090909091,0.158133327272727,0.158133,226.0895,134.42528,27.1175,106.042,-71.436,41.3397,175.29,-1952.1,31.7331,142.96,-134.832,1.88638854545455,2,0.0753954
A,253,.,.,.,PRO,.,252,252,14,14,-22.2687142857143,5.69671428571429,-7.191,1.92,1.84162,0.491625,3.44137,7,152.99483333,-0.193097485714286,0.0724321714285714,-0.538397585714286,-43.0039422,1.14285714285714,0.411507571428571,0.411508,421.43304,88.31149,27.7439,97.2676,-66.8728,41.3397,175.29,-1952.1,31.7331,142.96,-134.832,0.472389228571429,0.470701042857143,0.0555677
A,254,.,.,.,ARG,.,253,253,1,1,-16.2345454545455,4.43972727272727,-6.65536363636364,1.92,1.84464,0.247832,2.72615,11,97.839024,0.0276087663636364,-1.59818181818248e-05,-0.547754454545455,-32.44465125,1.36363636363636,0.585448727272727,0.585449,470.9325,137.9421,25.3334,83.931,14.9409,41.3397,175.29,-1952.1,31.7331,142.96,-134.832,1.07489572727273,1.05307590909091,0.141014
A,255,.,.,.,TRP,.,254,254,17,17,-17.5138571428571,3.57864285714286,-1.91121428571429,1.91,2.30258,1.10554,15.4775,14,0,0,0,0,0,2.28571428571429,0.376316142857143,0.376316,247.5887,162.35102,24.3799,91.8296,150.435,41.3397,175.29,-1952.1,31.7331,142.96,-134.832,2,2,0.157137
A,256,.,.,.,ALA,.,255,255,0,0,-23.1634,0.9938,-3.1522,1.92,1.97378,0.96356,4.8178,5,6.67377,-0.1381268,0.0299242,-0.1415116,0.478534,1.8,0.4341862,0.434186,130.5934,63.23541,26.3888,105.523,143.406,41.3397,175.29,-1952.1,31.7331,142.96,-134.832,1.7140482,2,0.0365958
A,257,.,.,.,PRO,.,256,256,14,14,-21.9491428571429,-1.14642857142857,-5.42428571428571,1.92,1.84162,0.491625,3.44137,7,76.8306104,-0.192515857142857,-0.12006212,-0.445434142857143,-26.6954722,1.42857142857143,0.493850571428571,0.493851,291.21827,87.57621,26.5163,97.3089,98.7514,41.3397,175.29,-1952.1,31.7331,142.96,-134.832,1.05799257142857,1.26386057142857,0.0339046
A,258,.,.,.,ARG,.,257,257,1,1,-17.1149090909091,-0.701,-4.01345454545455,1.92,1.84464,0.247832,2.72615,11,25.88695,-0.02708396,-0.105687818181818,-0.246748,-10.5639658,1.72727272727273,0.580500636363636,0.580501,299.411,137.56155,24.067,89.1204,203.714,41.3397,175.29,-1952.1,31.7331,142.96,-134.832,1.612166,1.60778790909091,0.0863203
A,259,.,.,.,LEU,.,258,258,10,10,-21.706625,-2.6365,0.89475,2.01,2.13035,1.31155,10.4924,8,14.38449,-0.209341375,-0.109229875,0.079399,8.78224,2.125,0.46018825,0.460188,227.63877,112.97134,24.4562,103.692,378.097,41.3397,175.29,-1952.1,31.7331,142.96,-134.832,1.67518925,1.669324625,0.0903827
A,260,.,.,.,LYS,.,259,259,11,11,-24.9241111111111,-4.23211111111111,-2.64955555555556,1.92,1.70189,0.170134,1.53121,9,163.620949,-0.424244,-0.272163777777778,-0.0944433333333333,-108.501333,1.33333333333333,0.615407444444444,0.615407,524.4761,122.61768,26.6692,110.839,239.967,41.3397,175.29,-1952.1,31.7331,142.96,-134.832,0.841219855555556,0.832267588888889,0.0468913
A,261,.,.,.,ALA,.,260,260,0,0,-20.5538,-7.3174,-3.0812,1.92,1.97378,0.96356,4.8178,5,35.41531,-0.152841,-0.073153,-0.3422842,4.42747,1.6,0.5686502,0.56865,206.7377,63.97503,25.7776,100.706,134.694,41.3397,175.29,-1952.1,31.7331,142.96,-134.832,1.4212896,1.420569,0.120961
A,262,.,.,.,CYS,.,261,261,4,4,-18.9295,-7.387,0.167,1.91,2.00989,1.38398,8.30386,6,0,0,0,0,0,2.66666666666667,0.655233833333333,0.655234,108.79011,77.60125,24.1007,101.833,314.94,41.3397,175.29,-1952.1,31.7331,142.96,-134.832,2,2,0.0726719
A,263,.,.,.,HIS,.,262,262,8,8,-23.8178,-9.3909,2.1582,1.91,1.68392,0.470428,4.70428,10,114.38384,-0.3921619,0.28248875,0.11586734,-20.5087582,1.4,0.5890035,0.589003,388.37901,111.64365,26.1484,118.939,362.202,41.3397,175.29,-1952.1,31.7331,142.96,-134.832,1.01552946,1.00456849,0.0440845
A,264,.,.,.,ALA,.,263,263,0,0,-22.0702,-11.7414,-1.2456,1.92,1.97378,0.96356,4.8178,5,44.293893,-0.502258,-0.20169944,-0.2105028,4.388858,1.4,0.4225054,0.422506,197.35458,64.18016,27.5389,118.081,84.5665,41.3397,175.29,-1952.1,31.7331,142.96,-134.832,0.973806,0.9690026,0.0687411
A,265,.,.,.,PHE,.,264,264,13,13,-16.9027272727273,-12.8270909090909,0.0298181818181818,1.91,2.05442,1.19411,13.1352,11,0,0,0,0,0,2.36363636363636,0.541220363636364,0.54122,187.58937,131.8247,25.7765,112.001,93.5726,41.3397,175.29,-1952.1,31.7331,142.96,-134.832,2,2,0.0703508
A,266,.,.,.,ILE,.,265,265,9,9,-19.32225,-12.287125,3.885,2.01,2.51899,1.41804,11.3444,8,0.557102,-0.0956695,0.023722125,0.076874,0.451169,2.25,0.611255375,0.611255,176.36811,113.54664,25.7627,122.14,319.809,41.3397,175.29,-1952.1,31.7331,142.96,-134.832,1.83467875,2,0.0619947
A,267,.,.,.,ASP,.,266,266,3,3,-23.402125,-14.115125,2.919625,1.91,1.71635,0.28986,2.31888,8,63.393987,-0.480611,-0.2087698625,0.1417295,-24.6614398,1.375,0.533238625,0.533239,272.7778,86.60857,28.536,133.656,170.247,41.3397,175.29,-1952.1,31.7331,142.96,-134.832,0.8302710625,0.8264795,0.0300485
A,268,.,.,.,ALA,.,267,267,0,0,-20.6748,-17.276,0.7714,1.92,1.97378,0.96356,4.8178,5,14.3885701,-0.3845178,-0.248958,-0.3308424,2.8136352,1.4,0.2897448,0.289745,136.87899,63.91203,28.9996,129.811,-122.851,41.3397,175.29,-1952.1,31.7331,142.96,-134.832,1.0965538,1.0662102,0.0512528
A,269,.,.,.,LEU,.,268,268,10,10,-17.2525,-17.2875,3.663625,2.01,2.13035,1.31155,10.4924,8,0,0,0,0,0,2.125,0.3806215,0.380621,165.93382,113.85637,27.5231,129.147,-1.2034,41.3397,175.29,-1952.1,31.7331,142.96,-134.832,2,2,0.042477
A,270,.,.,.,ASN,.,269,269,2,2,-20.579375,-17.597625,6.413625,1.91,1.56635,0.356168,2.84934,8,72.2741557,-0.441390875,-0.131274725,0.53884075,-11.6594049,1.25,0.447376875,0.447377,290.8729,91.28049,29.2212,140.725,129.858,41.3397,175.29,-1952.1,31.7331,142.96,-134.832,0.54775705,0.54655975,0.0508555
A,271,.,.,.,ALA,.,270,270,0,0,-22.252,-21.0006,3.5658,1.92,1.97378,0.96356,4.8178,5,137.6719,-0.435226,-0.2467276,0.04900826,41.44498,1.4,0.1140672,0.114067,336.368,64.14574,31.7331,142.96,-134.832,41.3397,175.29,-1952.1,31.7331,142.96,-134.832,0.816224046,0.81588407,0.0366966
A,272,.,.,.,ALA,.,271,271,0,0,-18.8888,-22.5754,3.1538,1.92,1.97378,0.96356,4.8178,5,58.66014,-0.18779938,-0.6526026,-0.26797432,27.00849,1.2,0.1439464,0.143947,221.226,64.0585,31.3363,138.208,-290.235,41.3397,175.29,-1952.1,31.7331,142.96,-134.832,0.5190091,0.51171322,0.0396853
A,273,.,.,.,GLY,.,272,272,7,7,-17.7805,-22.50775,6.6685,1.9,1.11007,0.529328,2.11731,4,81.2368,-0.047121,-0.33999425,0.331781,4.01171,1.5,0.115063,0.115063,222.5546,46.88954,31.377,142.744,-92.9645,41.3397,175.29,-1952.1,31.7331,142.96,-134.832,1.018101175,1.01776255,0.0363384
A,274,.,.,.,GLY,.,273,273,7,7,-16.89675,-19.83175,7.36525,1.9,1.11007,0.529328,2.11731,4,11.6144,-0.13817825,-0.0775105,0.193388,1.70366,1.75,0.2467335,0.246733,100.4881,47.0096,28.4049,135.902,101.5,41.3397,175.29,-1952.1,31.7331,142.96,-134.832,1.5062797,1.50612325,0.0395146
A,275,.,.,.,LYS,.,274,274,11,11,-15.6307777777778,-16.6023333333333,11.1236666666667,1.92,1.70189,0.170134,1.53121,9,107.87891,-0.241165922222222,-0.315094955555556,0.211593555555556,-68.843923,1.66666666666667,0.611860222222222,0.61186,442.3552,122.03291,27.2173,134.916,462.265,41.3397,175.29,-1952.1,31.7331,142.96,-134.832,0.950524355555556,0.948429788888889,0.12416
A,276,.,.,.,GLY,.,275,275,7,7,-17.81025,-13.6465,8.3945,1.9,1.11007,0.529328,2.11731,4,5.9869,-0.15165325,-0.03695025,0.19528425,0.878194,1.75,0.80232125,0.802321,93.9493,46.68001,25.4243,126.637,592.404,41.3397,175.29,-1952.1,31.7331,142.96,-134.832,1.6300055,1.62001925,0.0366142
A,277,.,.,.,GLN,.,276,276,5,5,-18.4086666666667,-9.59955555555556,10.6836666666667,1.91,1.77783,0.304099,2.73689,9,52.08559,-0.461439,-0.351380666666667,0.203703122222222,-20.8764494,1.44444444444444,0.914994444444444,0.914994,318.0555,105.74244,25.1711,126.664,852.813,41.3397,175.29,-1952.1,31.7331,142.96,-134.832,0.939759666666667,0.929016222222222,0.089779
A,278,.,.,.,LEU,.,277,277,10,10,-20.310125,-6.662125,6.7375,2.01,2.13035,1.31155,10.4924,8,20.53208,-0.350091125,-0.0999084375,0.0662811625,17.12759,1.875,0.668407625,0.668408,251.55553,113.87535,24.3825,120.113,840.846,41.3397,175.29,-1952.1,31.7331,142.96,-134.832,1.495451125,1.64444925,0.0743736
A,279,.,.,.,MET,.,278,278,12,12,-18.47375,-3.96675,10.931375,1.94,1.97827,0.890458,7.12366,8,0,0,0,0,0,2,0.727457625,0.727458,205.5347,115.3681,24.3456,122.553,1038.9,41.3397,175.29,-1952.1,31.7331,142.96,-134.832,2,2,0.121269
A,280,.,.,.,SER,.,279,279,15,15,-22.045,-1.314,9.19933333333333,1.91,1.73647,0.568003,3.40802,6,12.82267,-0.2909365,-0.0913651333333333,-0.1110765,-2.846934,1.83333333333333,0.691486166666667,0.691486,163.6796,70.14786,25.0183,126.022,936.629,41.3397,175.29,-1952.1,31.7331,142.96,-134.832,1.57477716666667,1.57990033333333,0.142734
A,281,.,.,.,LEU,.,280,280,10,10,-19.8075,1.793875,11.482,2.01,2.13035,1.31155,10.4924,8,0,0,0,0,0,2.125,0.487119375,0.487119,161.2215,112.44772,25.2357,129.941,990.706,41.3397,175.29,-1952.1,31.7331,142.96,-134.832,2,2,0.0670489
A,282,.,.,.,PRO,.,281,281,14,14,-24.0834285714286,2.53428571428571,10.646,1.92,1.84162,0.491625,3.44137,7,35.0298093,-0.518741428571429,0.00397845714285714,-0.188919671428571,-7.5866825,1.42857142857143,0.317825042857143,0.317825,220.91982,87.04689,27.5246,141.48,863.876,41.3397,175.29,-1952.1,31.7331,142.96,-134.832,1.10079387571429,1.05782603714286,0.146642
A,283,.,.,.,ALA,.,282,282,0,0,-25.5528,-0.6226,12.6556,1.92,1.97378,0.96356,4.8178,5,119.7876,-0.5002694,-0.1532752,-0.00289780000000001,38.30514,1.4,0.3016166,0.301616,320.918,64.19725,28.8126,146.127,1024.05,41.3397,175.29,-1952.1,31.7331,142.96,-134.832,0.83063246,0.83020288,0.0587801
A,284,.,.,.,LEU,.,283,283,10,10,-22.7465,-0.6755,15.498,2.01,2.13035,1.31155,10.4924,8,97.3303584,-0.209115,-0.200536,0.493575125,65.2487357,1.375,0.248076275,0.248076,390.9644,113.9369,28.6055,146.946,1190.65,41.3397,175.29,-1952.1,31.7331,142.96,-134.832,0.81819152,0.8188029875,0.0867465
A,285,.,.,.,GLY,.,284,284,7,7,-24.174,3.777,16.04725,1.9,1.11007,0.529328,2.11731,4,74.1945,-0.2002652,0.14096535,0.3662265,4.961447,1.5,0.31007125,0.310071,209.6831,46.91002,29.9055,151.619,1061.2,41.3397,175.29,-1952.1,31.7331,142.96,-134.832,1.0043160675,1.00382181,0.025319
A,286,.,.,.,VAL,.,285,285,19,19,-21.0722857142857,4.54185714285714,14.4561428571429,2.01,2.38596,1.30011,9.1008,7,7.51123,-0.009255,0.252839857142857,0.328405714285714,6.13879,1.57142857142857,0.280490428571429,0.28049,193.6539,97.6543,27.5319,142.212,956.477,41.3397,175.29,-1952.1,31.7331,142.96,-134.832,1.40572642857143,1.56207042857143,0.102473
A,287,.,.,.,HIS,.,286,286,8,8,-23.852,7.4573,12.6933,1.91,1.68392,0.470428,4.70428,10,118.26926,-0.347272,0.3313334,0.1208874,-12.4112665,1.3,0.25196462,0.251965,428.4341,112.93442,27.6914,141.717,677.384,41.3397,175.29,-1952.1,31.7331,142.96,-134.832,0.728577366,0.857350594,0.10225
A,288,.,.,.,GLY,.,287,287,7,7,-19.875,9.6145,9.60575,1.9,1.11007,0.529328,2.11731,4,0,0,0,0,0,2.25,0.3725885,0.372588,71.8637,46.49199,26.6367,133.951,420.019,41.3397,175.29,-1952.1,31.7331,142.96,-134.832,2,2,0.0638054
A,289,.,.,.,ASN,.,288,288,2,2,-17.394375,7.081375,9.5945,1.91,1.56635,0.356168,2.84934,8,0,0,0,0,0,2.375,0.571441375,0.571441,130.1838,90.69699,24.1173,117.671,550.276,41.3397,175.29,-1952.1,31.7331,142.96,-134.832,2,2,0.145761
A,290,.,.,.,SER,.,289,289,15,15,-14.9413333333333,8.36633333333333,6.09916666666667,1.91,1.73647,0.568003,3.40802,6,0,0,0,0,0,3.16666666666667,0.715258333333333,0.715259,105.489,69.86093,23.0595,103.144,352.877,41.3397,175.29,-1952.1,31.7331,142.96,-134.832,2,2,0.0629569
A,291,.,.,.,HIS,.,290,290,8,8,-12.5204,5.3639,2.4133,1.91,1.68392,0.470428,4.70428,10,0,0,0,0,0,3.4,0.8702386,0.870239,152.08844,108.36031,21.4373,83.2239,359.229,41.3397,175.29,-1952.1,31.7331,142.96,-134.832,2,2,0.0738931
A,292,.,.,.,MET,.,291,291,12,12,-9.7865,8.000125,5.32425,1.94,1.97827,0.890458,7.12366,8,0,0,0,0,0,3.75,0.68241525,0.682415,167.29469,114.97003,21.0294,77.76,331.72,41.3397,175.29,-1952.1,31.7331,142.96,-134.832,2,2,0.0471652
A,293,.,.,.,MET,.,292,292,12,12,-12.348,4.650375,8.92,1.94,1.97827,0.890458,7.12366,8,0,0,0,0,0,3.375,0.784649125,0.784649,170.17781,114.97724,21.504,90.7776,574.951,41.3397,175.29,-1952.1,31.7331,142.96,-134.832,2,2,0.0398026
A,294,.,.,.,MET,.,293,293,12,12,-7.96775,5.382625,9.1975,1.94,1.97827,0.890458,7.12366,8,0,0,0,0,0,3.875,0.745222,0.745222,175.13064,114.70691,20.9456,81.5432,535.218,41.3397,175.29,-1952.1,31.7331,142.96,-134.832,2,2,0.034819
A,295,.,.,.,GLN,.,294,294,5,5,-7.22766666666667,9.66222222222222,8.85333333333333,1.91,1.77783,0.304099,2.73689,9,0,0,0,0,0,3.44444444444444,0.765904,0.765904,157.0859,105.24265,22.0778,86.3544,326.282,41.3397,175.29,-1952.1,31.7331,142.96,-134.832,2,2,0.0514674
A,296,.,.,.,ASP,.,295,295,3,3,-12.06075,9.648625,10.929625,1.91,1.71635,0.28986,2.31888,8,0,0,0,0,0,3.125,0.570763875,0.570764,111.62742,86.71018,23.4791,104.417,401.339,41.3397,175.29,-1952.1,31.7331,142.96,-134.832,2,2,0.0263594
A,297,.,.,.,ARG,.,296,296,1,1,-13.1222727272727,14.2280909090909,13.9431818181818,1.92,1.84464,0.247832,2.72615,11,107.254305,-0.306379181818182,0.299831636363636,0.388318727272727,-26.044238,1.45454545454545,0.406207,0.406207,454.2145,136.53207,25.7081,117.878,400.758,41.3397,175.29,-1952.1,31.7331,142.96,-134.832,0.794186990909091,0.786513445454545,0.0645192
A,298,.,.,.,ASN,.,297,297,2,2,-14.372875,8.011125,15.29625,1.91,1.56635,0.356168,2.84934,8,21.676426,-0.1527438625,0.112962,0.30114,-1.181714,1.625,0.57748,0.57748,193.9111,90.77405,25.4873,122.447,693.731,41.3397,175.29,-1952.1,31.7331,142.96,-134.832,1.3821431,1.3621762125,0.0325821
A,299,.,.,.,ASN,.,298,298,2,2,-9.64125,6.99575,15.123,1.91,1.56635,0.356168,2.84934,8,0,0,0,0,0,2.875,0.60903125,0.609031,133.0962,90.52626,23.3526,106.994,686.55,41.3397,175.29,-1952.1,31.7331,142.96,-134.832,2,2,0.0527179
A,300,.,.,.,LEU,.,299,299,10,10,-9.301375,5.40775,18.746625,2.01,2.13035,1.31155,10.4924,8,6.75175,-0.185452125,0.110260125,0.11302475,6.534382,1.875,0.358530375,0.35853,225.1959,113.07402,24.5309,115.111,792.889,39.1789,174.155,-2008.04,29.9055,151.619,1061.2,1.68146825,2,0.0652673
A,301,.,.,.,GLN,.,300,300,5,5,-14.7918888888889,3.64844444444444,19.005,1.91,1.77783,0.304099,2.73689,9,107.50669,-0.247621666666667,0.224598888888889,0.293068555555556,-51.538324,1.44444444444444,0.574837111111111,0.574837,395.8759,106.18427,25.5458,125.998,1010.68,41.3397,175.29,-1952.1,31.7331,142.96,-134.832,0.990162588888889,0.9798949,0.0567014
A,302,.,.,.,VAL,.,301,301,19,19,-13.1055714285714,2.23385714285714,14.5262857142857,2.01,2.38596,1.30011,9.1008,7,0,0,0,0,0,2.57142857142857,0.747213714285714,0.747214,145.35601,97.28391,23.4067,113.883,1011.8,41.3397,175.29,-1952.1,31.7331,142.96,-134.832,2,2,0.0566557
A,303,.,.,.,ALA,.,302,302,0,0,-10.0282,0.4774,16.455,1.92,1.97378,0.96356,4.8178,5,0,0,0,0,0,2.8,0.9660236,0.966023,85.61127,63.56833,22.8039,106.564,939.947,41.3397,175.29,-1952.1,31.7331,142.96,-134.832,2,2,0.0231814
A,304,.,.,.,ASP,.,303,303,3,3,-11.4495,-0.2245,19.965125,1.91,1.71635,0.28986,2.31888,8,33.88603,-0.120517375,-0.046086125,0.332839375,-16.56704,1.75,0.7629365,0.762937,226.1146,86.21517,24.9018,122.662,1091.11,41.3397,175.29,-1952.1,31.7331,142.96,-134.832,1.333054225,1.32700545,0.0808238
A,305,.,.,.,LEU,.,304,304,10,10,-15.055125,-2.04525,16.911125,2.01,2.13035,1.31155,10.4924,8,20.9746,-0.071999625,-0.034861,0.09605075,11.1259,2,0.611928375,0.611928,257.3414,114.4261,24.6825,124.384,1219.38,41.3397,175.29,-1952.1,31.7331,142.96,-134.832,1.8075145,1.8062215,0.0696295
A,306,.,.,.,ILE,.,305,305,9,9,-11.036625,-3.67275,14.284125,2.01,2.51899,1.41804,11.3444,8,0,0,0,0,0,3.125,0.947139625,0.94714,166.88391,112.34763,22.8166,110.101,1082.96,41.3397,175.29,-1952.1,31.7331,142.96,-134.832,2,2,0.0661337
A,307,.,.,.,LEU,.,306,306,10,10,-8.44975,-4.407875,18.109625,2.01,2.13035,1.31155,10.4924,8,0.09258185,0.0431648125,-0.0539296625,0.232744,0.07219644,1.875,0.827002625,0.827003,181.7864,113.78084,23.8521,115.742,1009.35,41.3397,175.29,-1952.1,31.7331,142.96,-134.832,1.69705025,2,0.04762
A,308,.,.,.,ASP,.,307,307,3,3,-12.53275,-6.016,20.230125,1.91,1.71635,0.28986,2.31888,8,79.067297,-0.163817375,-0.179810875,0.505959625,-36.732269,1.375,0.716994,0.716994,322.6904,87.64057,25.9962,130.21,1171.26,41.3397,175.29,-1952.1,31.7331,142.96,-134.832,0.850772925,0.834287925,0.0473713
A,309,.,.,.,TRP,.,308,308,17,17,-12.6221428571429,-9.73492857142857,14.1245,1.91,2.30258,1.10554,15.4775,14,0,0,0,0,0,2.42857142857143,0.734922285714286,0.734922,235.61434,163.94728,25.0096,125.997,1128.81,41.3397,175.29,-1952.1,31.7331,142.96,-134.832,2,2,0.059515
A,310,.,.,.,ILE,.,309,309,9,9,-8.435625,-9.13225,16.01525,2.01,2.51899,1.41804,11.3444,8,0,0,0,0,0,2.25,0.672582625,0.672583,168.3042,113.37757,24.1399,117.905,929.469,41.3397,175.29,-1952.1,31.7331,142.96,-134.832,2,2,0.080741
A,311,.,.,.,GLY,.,310,310,7,7,-9.37875,-11.318,19.665,1.9,1.11007,0.529328,2.11731,4,46.34385,0.0197387,-0.02026425,0.71835975,5.561395,1.25,0.5330405,0.53304,178.8056,47.03937,26.52,129.921,940.704,41.3397,175.29,-1952.1,31.7331,142.96,-134.832,0.676014025,0.650298925,0.21047
A,312,.,.,.,ARG,.,311,311,1,1,-14.2068181818182,-11.4948181818182,19.1708181818182,1.92,1.84464,0.247832,2.72615,11,189.106443,-0.292305590909091,-0.118047636363636,0.419722909090909,-38.1029245,1.27272727272727,0.378815409090909,0.378815,607.3777,137.98915,27.8482,137.113,1029.22,41.3397,175.29,-1952.1,31.7331,142.96,-134.832,0.625708218181818,0.745470145454545,0.0664499
A,313,.,.,.,ASN,.,312,312,2,2,-11.446875,-14.047125,15.488125,1.91,1.56635,0.356168,2.84934,8,5.50043,-0.03689435,-0.369112875,0.0346677125,4.115426,1.625,0.547010875,0.547011,170.7569,90.52184,26.4988,130.189,840.624,41.3397,175.29,-1952.1,31.7331,142.96,-134.832,1.457439375,1.44952125,0.0837768
A,314,.,.,.,THR,.,313,313,16,16,-6.95214285714286,-14.6448571428571,17.2987142857143,2.01,1.92461,0.687219,4.81053,7,69.36754,0.0257131428571429,-0.189032285714286,0.297909571428571,61.089375,1.57142857142857,0.386781714285714,0.386782,321.3384,93.12226,26.6264,126.26,677.321,41.3397,175.29,-1952.1,31.7331,142.96,-134.832,1.26707167142857,1.44442805714286,0.188353
