ID1_chainID,ID1_resSeq,ID1_iCode,ID1_serial,ID1_altLoc,ID1_resName,ID1_name,ID2_chainID,ID2_resSeq,ID2_iCode,ID2_serial,ID2_altLoc,ID2_resName,ID2_name,atom_index1,atom_index2,area,boundary,distance,voromqa_energy,seq_sep_class,covalent_bond,hbond
A,1,.,.,.,THR,.,A,2,.,.,.,HIS,.,0,1,79.561308,23.853789,1.33414,0,1,1,0
A,1,.,.,.,THR,.,A,3,.,.,.,ASP,.,0,2,23.780304,10.52521,3.4922,6.397063,2,0,0
A,1,.,.,.,THR,.,A,12,.,.,.,LYS,.,0,11,0.423859,1.73245,8.68436,0.0661368,5,0,0
A,2,.,.,.,HIS,.,A,3,.,.,.,ASP,.,1,2,55.11888929,9.4661883,1.33124,0,1,1,0
A,2,.,.,.,HIS,.,A,4,.,.,.,ASN,.,1,3,34.37273366192,5.78749301,3.61385,3.98959698029,2,0,0
A,2,.,.,.,HIS,.,A,6,.,.,.,LEU,.,1,5,0.4057029,0,6.20678,0.1828504,4,0,0
A,2,.,.,.,HIS,.,A,10,.,.,.,ALA,.,1,9,11.11959,0,5.48643,-4.974252,5,0,0
A,2,.,.,.,HIS,.,A,11,.,.,.,ILE,.,1,10,16.07768536,1.25242,3.56172,-1.40726674,5,0,0
A,2,.,.,.,HIS,.,A,12,.,.,.,LYS,.,1,11,56.60382,14.850481,4.02517,6.9175608,5,0,0
A,2,.,.,.,HIS,.,A,40,.,.,.,ARG,.,1,39,13.30717,1.78501,5.69844,-7.87726,5,0,0
A,3,.,.,.,ASP,.,A,4,.,.,.,ASN,.,2,3,87.6802308,16.994308,1.32952,0,1,1,0
A,3,.,.,.,ASP,.,A,5,.,.,.,LYS,.,2,4,4.824285,6.361049,6.42594,-0.03898549,2,0,0
A,3,.,.,.,ASP,.,A,6,.,.,.,LEU,.,2,5,0.585146,0,6.15186,0.322002,3,0,0
A,3,.,.,.,ASP,.,A,10,.,.,.,ALA,.,2,9,0.246791,0,7.26838,0.122287,5,0,0
A,3,.,.,.,ASP,.,A,11,.,.,.,ILE,.,2,10,20.127078,6.970801,6.40998,13.036043,5,0,0
A,4,.,.,.,ASN,.,A,5,.,.,.,LYS,.,3,4,57.307221,11.1901999,1.33188,0,1,1,0
A,4,.,.,.,ASN,.,A,6,.,.,.,LEU,.,3,5,55.715055445,12.086798,3.61457,10.579819961,2,0,0
A,4,.,.,.,ASN,.,A,10,.,.,.,ALA,.,3,9,0.29984,0,6.36661,0.13365,5,0,0
A,4,.,.,.,ASN,.,A,11,.,.,.,ILE,.,3,10,2.91175,1.52892,7.40027,1.14961,5,0,0
A,4,.,.,.,ASN,.,A,40,.,.,.,ARG,.,3,39,5.87904,1.97599,6.07844,-2.6829,5,0,0
A,5,.,.,.,LYS,.,A,6,.,.,.,LEU,.,4,5,41.705716,6.4372885,1.32906,0,1,1,0
A,5,.,.,.,LYS,.,A,7,.,.,.,GLN,.,4,6,40.413958,14.7494332,4.04321,19.6670218,2,0,0
A,5,.,.,.,LYS,.,A,8,.,.,.,VAL,.,4,7,0.2962696,0.870848,6.89235,0.1399298,3,0,0
A,5,.,.,.,LYS,.,A,40,.,.,.,ARG,.,4,39,1.17748,0.226886,6.67172,0.532484,5,0,0
A,6,.,.,.,LEU,.,A,7,.,.,.,GLN,.,5,6,27.34268089,0,1.32874,0,1,1,0
A,6,.,.,.,LEU,.,A,8,.,.,.,VAL,.,5,7,28.8264179,8.31992,3.33647,-39.9257602,2,0,0
A,6,.,.,.,LEU,.,A,9,.,.,.,GLU,.,5,8,28.884836793,6.217719,3.38214,19.015960508,3,0,0
A,6,.,.,.,LEU,.,A,10,.,.,.,ALA,.,5,9,32.3536191,0.0670674,3.85284,-29.836748,4,0,0
A,6,.,.,.,LEU,.,A,11,.,.,.,ILE,.,5,10,6.0550731,2.34763,5.63895,-3.34096625,5,0,0
A,6,.,.,.,LEU,.,A,40,.,.,.,ARG,.,5,39,16.20964223,0,2.88217,-4.08331025,5,0,1
A,6,.,.,.,LEU,.,A,42,.,.,.,THR,.,5,41,0.987082,0,5.67427,0.0244199,5,0,0
A,7,.,.,.,GLN,.,A,8,.,.,.,VAL,.,6,7,60.417165,13.445517,1.32888,0,1,1,0
A,7,.,.,.,GLN,.,A,40,.,.,.,ARG,.,6,39,46.730842,10.30408,3.35896,-17.42064102,5,0,0
A,7,.,.,.,GLN,.,A,41,.,.,.,ILE,.,6,40,3.870319,4.313931,7.47508,2.044065,5,0,0
A,7,.,.,.,GLN,.,A,42,.,.,.,THR,.,6,41,17.686032,1.74714,4.95915,3.012636,5,0,0
A,7,.,.,.,GLN,.,A,43,.,.,.,ILE,.,6,42,4.5205,3.99286,6.93373,5.06532,5,0,0
A,8,.,.,.,VAL,.,A,9,.,.,.,GLU,.,7,8,60.97615,8.885073,1.33209,0,1,1,0
A,8,.,.,.,VAL,.,A,42,.,.,.,THR,.,7,41,15.170065,0,4.28113,-0.1433431,5,0,0
A,8,.,.,.,VAL,.,A,43,.,.,.,ILE,.,7,42,5.64381464,1.778487,5.98326,2.4105772,5,0,0
A,8,.,.,.,VAL,.,A,44,.,.,.,GLY,.,7,43,5.25071,0.809298,6.61087,-2.76612,5,0,0
A,8,.,.,.,VAL,.,A,47,.,.,.,LEU,.,7,46,13.87659,5.099811,6.64012,-8.88269,5,0,0
A,8,.,.,.,VAL,.,A,57,.,.,.,LEU,.,7,56,2.70741,0,6.77499,-0.633904,5,0,0
A,8,.,.,.,VAL,.,A,59,.,.,.,LYS,.,7,58,0.025322,0,6.56288,0.00889251,5,0,0
A,9,.,.,.,GLU,.,A,10,.,.,.,ALA,.,8,9,31.22581088,2.417287,1.33469,0,1,1,0
A,9,.,.,.,GLU,.,A,11,.,.,.,ILE,.,8,10,0.0426713,0.637457,7.80013,-0.000286033,2,0,0
A,9,.,.,.,GLU,.,A,42,.,.,.,THR,.,8,41,6.1698,0,4.97129,3.02773,5,0,0
A,9,.,.,.,GLU,.,A,47,.,.,.,LEU,.,8,46,14.98554456,6.194753,6.85412,5.898906433,5,0,0
A,9,.,.,.,GLU,.,A,48,.,.,.,PRO,.,8,47,0.0758493,0.878774,8.90208,0.0317847,5,0,0
A,9,.,.,.,GLU,.,A,57,.,.,.,LEU,.,8,56,20.46853146,5.52658,5.47574,3.65980148,5,0,0
A,9,.,.,.,GLU,.,A,59,.,.,.,LYS,.,8,58,33.6303894,6.621448,3.34712,-17.1469081,5,0,0
A,10,.,.,.,ALA,.,A,11,.,.,.,ILE,.,9,10,52.878731,2.375905,1.33669,0,1,1,0
A,10,.,.,.,ALA,.,A,12,.,.,.,LYS,.,9,11,0.87045361,0,6.67035,0.46072199,2,0,0
A,10,.,.,.,ALA,.,A,16,.,.,.,VAL,.,9,15,0.0578085,0,6.04051,0.00153403,5,0,0
A,10,.,.,.,ALA,.,A,40,.,.,.,ARG,.,9,39,7.94276,0,5.62045,-1.119223,5,0,0
A,10,.,.,.,ALA,.,A,42,.,.,.,THR,.,9,41,8.1320155,0,5.40855,2.0870645,5,0,0
A,10,.,.,.,ALA,.,A,59,.,.,.,LYS,.,9,58,28.2052868,0,3.70155,9.2753813,5,0,0
A,10,.,.,.,ALA,.,A,61,.,.,.,GLU,.,9,60,9.44520515,0,5.50823,6.24516061,5,0,0
A,10,.,.,.,ALA,.,A,85,.,.,.,ILE,.,9,84,1.45859,0,5.68337,0.13978,5,0,0
A,11,.,.,.,ILE,.,A,12,.,.,.,LYS,.,10,11,45.5957899,2.33751,1.33455,0,1,1,0
A,11,.,.,.,ILE,.,A,16,.,.,.,VAL,.,10,15,0.2413627,0,6.28264,-0.2114134,5,0,0
A,11,.,.,.,ILE,.,A,59,.,.,.,LYS,.,10,58,7.95694127,4.944275,6.36881,5.183378111,5,0,0
A,11,.,.,.,ILE,.,A,61,.,.,.,GLU,.,10,60,4.4855862,0,5.79865,5.2066589,5,0,0
A,11,.,.,.,ILE,.,A,83,.,.,.,ASN,.,10,82,0.554688,0.37774,6.28677,0.147864,5,0,0
A,11,.,.,.,ILE,.,A,85,.,.,.,ILE,.,10,84,35.269420076,0.516314,4.12979,-55.11109579,5,0,0
A,11,.,.,.,ILE,.,A,87,.,.,.,ASN,.,10,86,21.070966141,5.513736,5.37917,-0.040617132,5,0,0
A,11,.,.,.,ILE,.,A,88,.,.,.,TYR,.,10,87,33.8606193,10.13647,4.86611,-36.38664791,5,0,0
A,12,.,.,.,LYS,.,A,13,.,.,.,ARG,.,11,12,38.63240215,5.534257,1.33303,0,1,1,0
A,12,.,.,.,LYS,.,A,14,.,.,.,GLY,.,11,13,6.394465,0,2.4365,1.0688073,2,0,1
A,12,.,.,.,LYS,.,A,40,.,.,.,ARG,.,11,39,22.4691005,5.56366,5.917,18.2995742,5,0,0
A,12,.,.,.,LYS,.,A,61,.,.,.,GLU,.,11,60,28.1375629,0,3.39122,-11.0560909,5,0,0
A,12,.,.,.,LYS,.,A,62,.,.,.,ASN,.,11,61,36.2925,9.76637,3.85566,-3.134498,5,0,0
A,12,.,.,.,LYS,.,A,85,.,.,.,ILE,.,11,84,18.401355,0,2.59483,12.28567715,5,0,0
A,12,.,.,.,LYS,.,A,86,.,.,.,ASP,.,11,85,7.3075235,2.34208,4.7702,5.425587,5,0,0
A,12,.,.,.,LYS,.,A,87,.,.,.,ASN,.,11,86,2.676158,1.265722,6.66453,1.4221087,5,0,0
A,13,.,.,.,ARG,.,A,14,.,.,.,GLY,.,12,13,16.66415,0,1.33114,0,1,1,0
A,13,.,.,.,ARG,.,A,39,.,.,.,GLN,.,12,38,3.39686,3.98474,6.7457,-1.05285,5,0,0
A,13,.,.,.,ARG,.,A,61,.,.,.,GLU,.,12,60,0.30898559,0,4.64289,0.203646734,5,0,0
A,13,.,.,.,ARG,.,A,62,.,.,.,ASN,.,12,61,62.480959,10.179974,2.60591,-9.4244829,5,0,1
A,13,.,.,.,ARG,.,A,63,.,.,.,THR,.,12,62,7.087701162,1.19869,3.7834,3.695956203,5,0,0
A,13,.,.,.,ARG,.,A,64,.,.,.,PHE,.,12,63,47.2017555,10.47163608,3.46316,-24.11636072,5,0,0
A,13,.,.,.,ARG,.,A,85,.,.,.,ILE,.,12,84,1.3734551,0,3.64796,-0.4042903,5,0,0
A,13,.,.,.,ARG,.,A,86,.,.,.,ASP,.,12,85,55.3070465,12.87775,2.43107,-38.24104638,5,0,0
A,14,.,.,.,GLY,.,A,15,.,.,.,THR,.,13,14,19.560548,0,1.32902,0,1,1,0
A,14,.,.,.,GLY,.,A,60,.,.,.,ILE,.,13,59,3.9002062,0,3.6525,-0.9449852,5,0,0
A,14,.,.,.,GLY,.,A,61,.,.,.,GLU,.,13,60,8.116129,0,3.84282,5.327203,5,0,0
A,14,.,.,.,GLY,.,A,62,.,.,.,ASN,.,13,61,2.45494,0,3.62919,2.22019,5,0,0
A,14,.,.,.,GLY,.,A,63,.,.,.,THR,.,13,62,7.1655035,0,3.81094,5.0044828,5,0,0
A,14,.,.,.,GLY,.,A,64,.,.,.,PHE,.,13,63,5.3047184,0,5.46873,-2.6871879,5,0,0
A,14,.,.,.,GLY,.,A,85,.,.,.,ILE,.,13,84,24.3553805,0,1.6549,10.36022857,5,0,1
A,14,.,.,.,GLY,.,A,86,.,.,.,ASP,.,13,85,2.0863093,0,4.256,2.076017,5,0,0
A,15,.,.,.,THR,.,A,16,.,.,.,VAL,.,14,15,27.77392,0,1.32738,0,1,1,0
A,15,.,.,.,THR,.,A,17,.,.,.,ILE,.,14,16,2.441036,0,5.89961,-0.47433056,2,0,0
A,15,.,.,.,THR,.,A,58,.,.,.,ILE,.,14,57,1.0321311,0,4.358,0.69749102,5,0,0
A,15,.,.,.,THR,.,A,59,.,.,.,LYS,.,14,58,1.3366,0,3.97446,0.0707736,5,0,0
A,15,.,.,.,THR,.,A,60,.,.,.,ILE,.,14,59,26.3912868255,0,3.12361,-18.1387644587,5,0,1
A,15,.,.,.,THR,.,A,63,.,.,.,THR,.,14,62,19.3243279,0,2.56272,-12.2809792,5,0,1
A,15,.,.,.,THR,.,A,64,.,.,.,PHE,.,14,63,15.2105031,0,2.92101,-6.350759922,5,0,0
A,15,.,.,.,THR,.,A,65,.,.,.,LEU,.,14,64,28.716929,0,3.39323,-0.7043615,5,0,0
A,15,.,.,.,THR,.,A,82,.,.,.,VAL,.,14,81,5.15113,0,5.08072,-3.2206606,5,0,0
A,15,.,.,.,THR,.,A,83,.,.,.,ASN,.,14,82,1.5612445,0,4.41267,-0.7897816,5,0,0
A,15,.,.,.,THR,.,A,84,.,.,.,ARG,.,14,83,12.9166932,0,4.78908,-2.0699908,5,0,0
A,15,.,.,.,THR,.,A,85,.,.,.,ILE,.,14,84,3.243415,0,4.099,1.21226826,5,0,0
A,16,.,.,.,VAL,.,A,17,.,.,.,ILE,.,15,16,24.125444,0,1.33183,0,1,1,0
A,16,.,.,.,VAL,.,A,18,.,.,.,ASP,.,15,17,18.3196112,0.347134,3.81669,13.7355138,2,0,0
A,16,.,.,.,VAL,.,A,57,.,.,.,LEU,.,15,56,5.91233,0,4.16815,-11.2766,5,0,0
A,16,.,.,.,VAL,.,A,58,.,.,.,ILE,.,15,57,7.958575,0,3.38304,-8.992658,5,0,0
A,16,.,.,.,VAL,.,A,59,.,.,.,LYS,.,15,58,37.1223776,0.76739,3.16297,-4.3645894979,5,0,0
A,16,.,.,.,VAL,.,A,60,.,.,.,ILE,.,15,59,0.863718,0,4.74826,0.29537928,5,0,0
A,16,.,.,.,VAL,.,A,65,.,.,.,LEU,.,15,64,0.1046571,0,5.56875,0.00457278,5,0,0
A,16,.,.,.,VAL,.,A,81,.,.,.,THR,.,15,80,0.907029,0,3.86457,0.173685,5,0,0
A,16,.,.,.,VAL,.,A,82,.,.,.,VAL,.,15,81,9.94052,0,3.5513,-8.6484,5,0,0
A,16,.,.,.,VAL,.,A,83,.,.,.,ASN,.,15,82,20.076855107,0.656091,3.26875,-9.9761124049,5,0,0
A,16,.,.,.,VAL,.,A,85,.,.,.,ILE,.,15,84,30.7869943,0.100608,3.00735,-52.6818227,5,0,0
A,17,.,.,.,ILE,.,A,18,.,.,.,ASP,.,16,17,21.855301,0,1.32944,0,1,1,0
A,17,.,.,.,ILE,.,A,20,.,.,.,ILE,.,16,19,20.309245,0,3.45755,-32.5860945,3,0,0
A,17,.,.,.,ILE,.,A,28,.,.,.,LEU,.,16,27,6.25824,0,5.1502,-12.89942,5,0,0
A,17,.,.,.,ILE,.,A,34,.,.,.,LEU,.,16,33,13.438452,0,4.94543,-27.205435,5,0,0
A,17,.,.,.,ILE,.,A,56,.,.,.,ASP,.,16,55,0.169933,0,5.05606,0.181262,5,0,0
A,17,.,.,.,ILE,.,A,57,.,.,.,LEU,.,16,56,8.22583,0,3.24051,-2.558232,5,0,0
A,17,.,.,.,ILE,.,A,58,.,.,.,ILE,.,16,57,30.5609662,0,2.89576,-61.85205079,5,0,1
A,17,.,.,.,ILE,.,A,60,.,.,.,ILE,.,16,59,1.81184502,0,6.61909,-2.1611919,5,0,0
A,17,.,.,.,ILE,.,A,65,.,.,.,LEU,.,16,64,19.27592,0,4.16646,-33.96388,5,0,0
A,17,.,.,.,ILE,.,A,73,.,.,.,LEU,.,16,72,24.4617,0,3.43209,-42.79654,5,0,0
A,17,.,.,.,ILE,.,A,77,.,.,.,ALA,.,16,76,1.57464,0,5.48131,-2.31154,5,0,0
A,17,.,.,.,ILE,.,A,80,.,.,.,ALA,.,16,79,8.8346384,0,4.26622,-12.9124876,5,0,0
A,17,.,.,.,ILE,.,A,81,.,.,.,THR,.,16,80,4.12948,0,3.5114,1.797303,5,0,0
A,17,.,.,.,ILE,.,A,82,.,.,.,VAL,.,16,81,15.382634,0,4.05785,-23.25796051,5,0,0
A,18,.,.,.,ASP,.,A,19,.,.,.,HIS,.,17,18,41.18812965,4.24473,1.33316,0,1,1,0
A,18,.,.,.,ASP,.,A,20,.,.,.,ILE,.,17,19,4.4823876,0,3.53859,3.8652229,2,0,0
A,18,.,.,.,ASP,.,A,55,.,.,.,LYS,.,17,54,4.87953,2.052883,6.48937,-4.758333,5,0,0
A,18,.,.,.,ASP,.,A,56,.,.,.,ASP,.,17,55,0.0801582,0,5.47527,0.0696075,5,0,0
A,18,.,.,.,ASP,.,A,57,.,.,.,LEU,.,17,56,19.098283,1.68295,3.50493,12.3254065,5,0,0
A,18,.,.,.,ASP,.,A,59,.,.,.,LYS,.,17,58,5.70645,3.52204,5.65715,-7.09141,5,0,0
A,18,.,.,.,ASP,.,A,80,.,.,.,ALA,.,17,79,8.03046,0,2.95256,1.29519,5,0,0
A,18,.,.,.,ASP,.,A,81,.,.,.,THR,.,17,80,37.0896381,2.25101,2.48755,-12.17740527,5,0,1
A,18,.,.,.,ASP,.,A,83,.,.,.,ASN,.,17,82,26.3657931,6.897466,4.11256,-8.1983069,5,0,0
A,19,.,.,.,HIS,.,A,20,.,.,.,ILE,.,18,19,20.0357884,0,1.3289,0,1,1,0
A,19,.,.,.,HIS,.,A,21,.,.,.,PRO,.,18,20,14.65420647,1.655675,3.66124,-1.019584,2,0,0
A,19,.,.,.,HIS,.,A,49,.,.,.,SER,.,18,48,14.093747,4.644844,4.80167,-12.1416982,5,0,0
A,19,.,.,.,HIS,.,A,50,.,.,.,GLY,.,18,49,21.567949,9.652891,5.57631,-8.2157643,5,0,0
A,19,.,.,.,HIS,.,A,55,.,.,.,LYS,.,18,54,49.8333639,5.471928,3.44756,24.07691244,5,0,0
A,19,.,.,.,HIS,.,A,56,.,.,.,ASP,.,18,55,3.873654,0,4.34279,3.261763,5,0,0
A,19,.,.,.,HIS,.,A,57,.,.,.,LEU,.,18,56,4.01655,0,5.04466,1.61077,5,0,0
A,19,.,.,.,HIS,.,A,79,.,.,.,GLN,.,18,78,30.182061,6.711104,3.7993,7.917714,5,0,0
A,19,.,.,.,HIS,.,A,80,.,.,.,ALA,.,18,79,8.760016,0,3.74599,-1.2435353,5,0,0
A,19,.,.,.,HIS,.,A,81,.,.,.,THR,.,18,80,27.9381225,5.91628,3.89086,-16.264168042,5,0,0
A,19,.,.,.,HIS,.,A,95,.,.,.,ARG,.,18,94,2.689207,3.29362,6.7614,-1.053769,5,0,0
A,20,.,.,.,ILE,.,A,21,.,.,.,PRO,.,19,20,28.5927822,0,1.34405,0,1,1,0
A,20,.,.,.,ILE,.,A,24,.,.,.,ILE,.,19,23,9.036558,0,3.72661,-10.6426422,4,0,0
A,20,.,.,.,ILE,.,A,25,.,.,.,GLY,.,19,24,9.96216,0,3.50176,-2.74403,5,0,0
A,20,.,.,.,ILE,.,A,28,.,.,.,LEU,.,19,27,12.02486,0,4.22164,-23.97497,5,0,0
A,20,.,.,.,ILE,.,A,55,.,.,.,LYS,.,19,54,9.55708118,0,3.13856,3.89143541,5,0,0
A,20,.,.,.,ILE,.,A,56,.,.,.,ASP,.,19,55,27.96111764,0,2.46946,-7.26995422,5,0,1
A,20,.,.,.,ILE,.,A,57,.,.,.,LEU,.,19,56,3.2685271,0,4.74306,-1.673076162,5,0,0
A,20,.,.,.,ILE,.,A,58,.,.,.,ILE,.,19,57,15.94656,0,3.65942,-27.960149,5,0,0
A,20,.,.,.,ILE,.,A,77,.,.,.,ALA,.,19,76,8.2679325,0,4.53267,-10.2244683,5,0,0
A,20,.,.,.,ILE,.,A,80,.,.,.,ALA,.,19,79,5.42654,0,4.44043,-5.37659,5,0,0
A,21,.,.,.,PRO,.,A,22,.,.,.,ALA,.,20,21,33.8011766,5.393297,1.33055,0,1,1,0
A,21,.,.,.,PRO,.,A,23,.,.,.,GLN,.,20,22,0.0109387,0,3.52792,0.0119155,2,0,0
A,21,.,.,.,PRO,.,A,24,.,.,.,ILE,.,20,23,31.166968172,3.908031,3.13054,-7.979269683,3,0,1
A,21,.,.,.,PRO,.,A,25,.,.,.,GLY,.,20,24,0.573873,0,3.88001,-0.180543,4,0,0
A,21,.,.,.,PRO,.,A,49,.,.,.,SER,.,20,48,0.28298,0.772411,7.61598,0.018139,5,0,0
A,21,.,.,.,PRO,.,A,54,.,.,.,ARG,.,20,53,12.18856,5.1173,4.72872,-1.8714522,5,0,0
A,21,.,.,.,PRO,.,A,55,.,.,.,LYS,.,20,54,4.244551,0,4.46179,3.201619,5,0,0
A,21,.,.,.,PRO,.,A,56,.,.,.,ASP,.,20,55,5.135643,0,3.12483,5.89141,5,0,0
A,21,.,.,.,PRO,.,A,76,.,.,.,TYR,.,20,75,7.44615,0.99285,4.57349,-1.5262666,5,0,0
A,21,.,.,.,PRO,.,A,77,.,.,.,ALA,.,20,76,10.792852,0,4.22477,0.941,5,0,0
A,21,.,.,.,PRO,.,A,78,.,.,.,PRO,.,20,77,15.39777375,4.49778,5.20774,-4.83667457,5,0,0
A,21,.,.,.,PRO,.,A,79,.,.,.,GLN,.,20,78,12.6195668,4.974681,6.36409,-2.390868,5,0,0
A,21,.,.,.,PRO,.,A,80,.,.,.,ALA,.,20,79,1.263521,0,5.36788,-0.010509,5,0,0
A,22,.,.,.,ALA,.,A,23,.,.,.,GLN,.,21,22,33.57564341,3.40595,1.33096,0,1,1,0
A,22,.,.,.,ALA,.,A,24,.,.,.,ILE,.,21,23,14.471427,2.434254,3.06662,6.321754,2,0,0
A,22,.,.,.,ALA,.,A,46,.,.,.,ASN,.,21,45,6.741236,0,3.67528,-0.3267564,5,0,0
A,22,.,.,.,ALA,.,A,54,.,.,.,ARG,.,21,53,45.28479999,7.926871,3.17046,-1.1178084517,5,0,0
A,22,.,.,.,ALA,.,A,55,.,.,.,LYS,.,21,54,6.576773,0,4.166,8.895206522,5,0,0
A,22,.,.,.,ALA,.,A,56,.,.,.,ASP,.,21,55,7.2406698,0,3.64431,5.9519617,5,0,0
A,23,.,.,.,GLN,.,A,24,.,.,.,ILE,.,22,23,29.088858,2.69275,1.32738,0,1,1,0
A,23,.,.,.,GLN,.,A,25,.,.,.,GLY,.,22,24,0.4355528,0,3.58321,0.4976901,2,0,0
A,23,.,.,.,GLN,.,A,26,.,.,.,PHE,.,22,25,61.249188,12.64598,2.97427,-19.8398852,3,0,0
A,23,.,.,.,GLN,.,A,27,.,.,.,LYS,.,22,26,13.9940245,2.997139,4.07339,4.594092,4,0,0
A,23,.,.,.,GLN,.,A,45,.,.,.,LEU,.,22,44,5.6182681,1.3626,6.4578,-0.1389101,5,0,0
A,23,.,.,.,GLN,.,A,46,.,.,.,ASN,.,22,45,27.937721,6.05235,4.2039,-6.882564,5,0,0
A,23,.,.,.,GLN,.,A,54,.,.,.,ARG,.,22,53,29.763604,10.66332,4.55629,-4.543321,5,0,0
A,23,.,.,.,GLN,.,A,56,.,.,.,ASP,.,22,55,9.4466938,0,3.09349,6.0417946,5,0,0
A,24,.,.,.,ILE,.,A,25,.,.,.,GLY,.,23,24,17.551252,0,1.32976,0,1,1,0
A,24,.,.,.,ILE,.,A,26,.,.,.,PHE,.,23,25,0.6026296,0,3.52357,1.1580932,2,0,0
A,24,.,.,.,ILE,.,A,27,.,.,.,LYS,.,23,26,43.8766265,5.55773,3.51483,34.9010864,3,0,0
A,24,.,.,.,ILE,.,A,28,.,.,.,LEU,.,23,27,16.26376,0,3.2632,-14.098779,4,0,1
A,24,.,.,.,ILE,.,A,56,.,.,.,ASP,.,23,55,1.97998,0,3.28168,0.916686,5,0,0
A,24,.,.,.,ILE,.,A,75,.,.,.,LEU,.,23,74,0.369674,0.50807,7.18939,0.0291943,5,0,0
A,24,.,.,.,ILE,.,A,76,.,.,.,TYR,.,23,75,32.318173,2.866996,3.64184,-18.7068159,5,0,0
A,24,.,.,.,ILE,.,A,77,.,.,.,ALA,.,23,76,4.584926,0,4.46732,-6.0535834,5,0,0
A,24,.,.,.,ILE,.,A,150,.,.,.,LEU,.,23,149,1.27129,1.57306,8.13282,-1.10302,5,0,0
A,25,.,.,.,GLY,.,A,26,.,.,.,PHE,.,24,25,18.301491,0,1.32643,0,1,1,0
A,25,.,.,.,GLY,.,A,27,.,.,.,LYS,.,24,26,1.4041667,0,3.16792,1.2371057,2,0,0
A,25,.,.,.,GLY,.,A,28,.,.,.,LEU,.,24,27,8.3584644,0,3.25317,-1.7936348,3,0,0
A,25,.,.,.,GLY,.,A,29,.,.,.,LEU,.,24,28,9.9800277,0,3.23135,-1.51946991,4,0,1
A,25,.,.,.,GLY,.,A,45,.,.,.,LEU,.,24,44,6.51417,0,4.20221,-3.578126,5,0,0
A,25,.,.,.,GLY,.,A,56,.,.,.,ASP,.,24,55,12.5704405,0,2.75568,-0.9548215,5,0,1
A,25,.,.,.,GLY,.,A,58,.,.,.,ILE,.,24,57,12.120139,0,3.6595,-3.642449,5,0,0
A,26,.,.,.,PHE,.,A,27,.,.,.,LYS,.,25,26,50.1610353,7.82605,1.3304,0,1,1,0
A,26,.,.,.,PHE,.,A,28,.,.,.,LEU,.,25,27,0.91424141,0,3.21738,1.5246578,2,0,0
A,26,.,.,.,PHE,.,A,29,.,.,.,LEU,.,25,28,30.548184,3.91605522,3.04458,-14.97458477,3,0,1
A,26,.,.,.,PHE,.,A,30,.,.,.,SER,.,25,29,29.303224,9.32878145,2.99623,-13.2931659,4,0,1
A,26,.,.,.,PHE,.,A,43,.,.,.,ILE,.,25,42,0.98352,0.9919,6.53292,-1.02972,5,0,0
A,26,.,.,.,PHE,.,A,45,.,.,.,LEU,.,25,44,33.38889787,5.93677,4.45086,-42.8129037,5,0,0
A,26,.,.,.,PHE,.,A,56,.,.,.,ASP,.,25,55,2.025746,0,4.32813,1.64981,5,0,0
A,27,.,.,.,LYS,.,A,28,.,.,.,LEU,.,26,27,19.370954,0,1.32848,0,1,1,0
A,27,.,.,.,LYS,.,A,29,.,.,.,LEU,.,26,28,0.8638555,0,3.22521,1.99194937,2,0,0
A,27,.,.,.,LYS,.,A,30,.,.,.,SER,.,26,29,12.85344683,0.920901,3.25263,4.078962477,3,0,0
A,27,.,.,.,LYS,.,A,31,.,.,.,LEU,.,26,30,37.4476917,4.91324,2.79814,-3.4068619,4,0,1
A,27,.,.,.,LYS,.,A,76,.,.,.,TYR,.,26,75,25.0316987,0,3.46963,-10.8795699,5,0,0
A,27,.,.,.,LYS,.,A,150,.,.,.,LEU,.,26,149,32.962243,13.49743,6.21817,19.9703278,5,0,0
A,28,.,.,.,LEU,.,A,29,.,.,.,LEU,.,27,28,17.472839,0,1.32754,0,1,1,0
A,28,.,.,.,LEU,.,A,30,.,.,.,SER,.,27,29,1.2453472,0,3.22304,2.0315233,2,0,0
A,28,.,.,.,LEU,.,A,31,.,.,.,LEU,.,27,30,7.94702251,0,3.83928,-5.563009471,3,0,0
A,28,.,.,.,LEU,.,A,32,.,.,.,PHE,.,27,31,27.4857354,0,3.03483,-29.75363107,4,0,1
A,28,.,.,.,LEU,.,A,33,.,.,.,LYS,.,27,32,0.207863,0,4.23623,0.220724,5,0,0
A,28,.,.,.,LEU,.,A,34,.,.,.,LEU,.,27,33,13.0654408,0,3.83037,-12.7893563,5,0,0
A,28,.,.,.,LEU,.,A,58,.,.,.,ILE,.,27,57,8.42761,0,4.57358,-15.6669,5,0,0
A,28,.,.,.,LEU,.,A,72,.,.,.,GLN,.,27,71,0.00837794,0,5.50424,0.00576818,5,0,0
A,28,.,.,.,LEU,.,A,73,.,.,.,LEU,.,27,72,21.066297259,0,3.49312,-37.575340285,5,0,0
A,28,.,.,.,LEU,.,A,76,.,.,.,TYR,.,27,75,15.6742493,0,3.94242,-24.0924825,5,0,0
A,28,.,.,.,LEU,.,A,77,.,.,.,ALA,.,27,76,9.834007,0,4.24829,-14.640419276,5,0,0
A,29,.,.,.,LEU,.,A,30,.,.,.,SER,.,28,29,28.095004,2.32741,1.33037,0,1,1,0
A,29,.,.,.,LEU,.,A,32,.,.,.,PHE,.,28,31,0.4508372,0,4.07487,1.3494968,3,0,0
A,29,.,.,.,LEU,.,A,33,.,.,.,LYS,.,28,32,9.61558,0,3.06334,-1.666517,4,0,0
A,29,.,.,.,LEU,.,A,34,.,.,.,LEU,.,28,33,23.03123375,0,3.09159,-27.995491658,5,0,1
A,29,.,.,.,LEU,.,A,35,.,.,.,THR,.,28,34,35.5016785,4.415816,4.21857,-11.92501208,5,0,0
A,29,.,.,.,LEU,.,A,41,.,.,.,ILE,.,28,40,8.157987,0,4.02345,-17.330448,5,0,0
A,29,.,.,.,LEU,.,A,43,.,.,.,ILE,.,28,42,31.575954,2.81617,3.55699,-65.454928,5,0,0
A,29,.,.,.,LEU,.,A,45,.,.,.,LEU,.,28,44,3.40165,0,5.79592,-7.33846,5,0,0
A,29,.,.,.,LEU,.,A,58,.,.,.,ILE,.,28,57,15.141207,0,4.08434,-25.4134284,5,0,0
A,29,.,.,.,LEU,.,A,60,.,.,.,ILE,.,28,59,1.07871,0,4.96767,-2.31151,5,0,0
A,30,.,.,.,SER,.,A,31,.,.,.,LEU,.,29,30,44.4004378,8.191479,1.32938,0,1,1,0
A,30,.,.,.,SER,.,A,32,.,.,.,PHE,.,29,31,2.408901,0,2.97211,4.398982,2,0,0
A,30,.,.,.,SER,.,A,33,.,.,.,LYS,.,29,32,32.956505,7.771113,2.91704,3.9292099,3,0,1
A,30,.,.,.,SER,.,A,35,.,.,.,THR,.,29,34,5.55228,3.7093,6.58769,-0.390481,5,0,0
A,30,.,.,.,SER,.,A,36,.,.,.,GLU,.,29,35,0.331869,0.756377,7.91254,0.0747206,5,0,0
A,31,.,.,.,LEU,.,A,32,.,.,.,PHE,.,30,31,34.03685353,0,1.32778,0,1,1,0
A,31,.,.,.,LEU,.,A,33,.,.,.,LYS,.,30,32,12.4044258,1.384707,3.526,4.49826837,2,0,0
A,31,.,.,.,LEU,.,A,76,.,.,.,TYR,.,30,75,24.827756,0,3.32246,-24.300509,5,0,0
A,31,.,.,.,LEU,.,A,104,.,.,.,ASN,.,30,103,14.104715,1.898718,5.01435,11.43544,5,0,0
A,31,.,.,.,LEU,.,A,105,.,.,.,VAL,.,30,104,51.28944954,2.06832,3.11518,-33.4131745649,5,0,0
A,31,.,.,.,LEU,.,A,107,.,.,.,VAL,.,30,106,6.48021,6.91444,7.3412,-3.88207,5,0,0
A,31,.,.,.,LEU,.,A,150,.,.,.,LEU,.,30,149,0.82765936,2.77803,6.58021,-0.64056907,5,0,0
A,32,.,.,.,PHE,.,A,33,.,.,.,LYS,.,31,32,40.067794,7.658533,1.32932,0,1,1,0
A,32,.,.,.,PHE,.,A,34,.,.,.,LEU,.,31,33,38.2882057,4.520651,3.0141,-30.9035139,2,0,0
A,32,.,.,.,PHE,.,A,65,.,.,.,LEU,.,31,64,0.193447,0,8.43384,-0.265196,5,0,0
A,32,.,.,.,PHE,.,A,69,.,.,.,GLN,.,31,68,13.1311382,4.146041,5.54086,-5.7859941,5,0,0
A,32,.,.,.,PHE,.,A,72,.,.,.,GLN,.,31,71,35.619834,0.689339,3.51687,-22.4997605,5,0,0
A,32,.,.,.,PHE,.,A,73,.,.,.,LEU,.,31,72,15.8901207,0,4.00868,-25.6048164,5,0,0
A,32,.,.,.,PHE,.,A,76,.,.,.,TYR,.,31,75,9.15259,0,4.69945,-13.05825,5,0,0
A,32,.,.,.,PHE,.,A,102,.,.,.,ILE,.,31,101,1.41759,0,6.4645,-2.64261,5,0,0
A,32,.,.,.,PHE,.,A,103,.,.,.,ASP,.,31,102,5.55373,1.3526,5.89047,1.771275,5,0,0
A,32,.,.,.,PHE,.,A,104,.,.,.,ASN,.,31,103,6.8172306,4.499206,7.17686,-0.77749081,5,0,0
A,32,.,.,.,PHE,.,A,105,.,.,.,VAL,.,31,104,21.65399724,0,4.09507,-31.32407024,5,0,0
A,33,.,.,.,LYS,.,A,34,.,.,.,LEU,.,32,33,19.19680468,0.627396,1.32593,0,1,1,0
A,33,.,.,.,LYS,.,A,35,.,.,.,THR,.,32,34,7.9292869,0,3.10324,10.825963191,2,0,0
A,33,.,.,.,LYS,.,A,36,.,.,.,GLU,.,32,35,74.1752931,20.358471,3.36597,-35.4135953,3,0,1
A,33,.,.,.,LYS,.,A,37,.,.,.,THR,.,32,36,5.74729,1.89976,5.32585,4.25492,4,0,0
A,33,.,.,.,LYS,.,A,104,.,.,.,ASN,.,32,103,19.302058,12.125205,7.43223,0.3930822,5,0,0
A,34,.,.,.,LEU,.,A,35,.,.,.,THR,.,33,34,19.293844,0,1.33079,0,1,1,0
A,34,.,.,.,LEU,.,A,36,.,.,.,GLU,.,33,35,1.9188699,0,3.35503,4.720204,2,0,0
A,34,.,.,.,LEU,.,A,37,.,.,.,THR,.,33,36,24.6158782,2.07021,3.31061,2.6182053,3,0,0
A,34,.,.,.,LEU,.,A,41,.,.,.,ILE,.,33,40,5.988105,0,4.04535,-4.044933,5,0,0
A,34,.,.,.,LEU,.,A,58,.,.,.,ILE,.,33,57,9.98553,0,4.62446,-20.66393,5,0,0
A,34,.,.,.,LEU,.,A,60,.,.,.,ILE,.,33,59,26.517682,0,3.79928,-32.406813,5,0,0
A,34,.,.,.,LEU,.,A,63,.,.,.,THR,.,33,62,3.06804,0.945294,7.58674,0.2171815,5,0,0
A,34,.,.,.,LEU,.,A,65,.,.,.,LEU,.,33,64,25.7772387,1.9506,5.59919,-55.77074228,5,0,0
A,34,.,.,.,LEU,.,A,69,.,.,.,GLN,.,33,68,2.316129,2.38351,8.43781,-1.5538437,5,0,0
A,34,.,.,.,LEU,.,A,73,.,.,.,LEU,.,33,72,5.19669,0,6.07154,-8.64895,5,0,0
A,35,.,.,.,THR,.,A,36,.,.,.,GLU,.,34,35,48.5719876,10.964714,1.32803,0,1,1,0
A,35,.,.,.,THR,.,A,37,.,.,.,THR,.,34,36,27.728786562,6.1264,2.88232,13.5311637,2,0,0
A,35,.,.,.,THR,.,A,41,.,.,.,ILE,.,34,40,32.86189,6.39247,4.27343,-24.2998394,5,0,0
A,35,.,.,.,THR,.,A,43,.,.,.,ILE,.,34,42,7.58566,3.50499,6.42151,-0.366449,5,0,0
A,36,.,.,.,GLU,.,A,37,.,.,.,THR,.,35,36,39.6756553,5.651709,1.32542,0,1,1,0
A,36,.,.,.,GLU,.,A,38,.,.,.,ASP,.,35,37,23.73683037,11.069395,4.07509,37.18282924,2,0,0
A,37,.,.,.,THR,.,A,38,.,.,.,ASP,.,36,37,48.9053396,10.668734,1.32587,0,1,1,0
A,37,.,.,.,THR,.,A,39,.,.,.,GLN,.,36,38,30.4250798,2.633797,3.0295,6.0980807,2,0,1
A,37,.,.,.,THR,.,A,41,.,.,.,ILE,.,36,40,9.178136,1.30769,4.94241,-0.22549104,4,0,0
A,37,.,.,.,THR,.,A,60,.,.,.,ILE,.,36,59,14.34941,0,4.48671,-12.356765,5,0,0
A,37,.,.,.,THR,.,A,63,.,.,.,THR,.,36,62,20.60664,5.604281,5.66694,-13.64248,5,0,0
A,38,.,.,.,ASP,.,A,39,.,.,.,GLN,.,37,38,64.342237,15.670767,1.32927,0,1,1,0
A,38,.,.,.,ASP,.,A,40,.,.,.,ARG,.,37,39,14.01801,7.93377,3.83647,8.737332,2,0,0
A,39,.,.,.,GLN,.,A,40,.,.,.,ARG,.,38,39,36.374443,1.791603,1.32782,0,1,1,0
A,39,.,.,.,GLN,.,A,41,.,.,.,ILE,.,38,40,8.51582,1.30471,3.79506,4.147338,2,0,0
A,39,.,.,.,GLN,.,A,60,.,.,.,ILE,.,38,59,4.326413,0,4.8685,-2.0480493,5,0,0
A,39,.,.,.,GLN,.,A,61,.,.,.,GLU,.,38,60,8.764875181,0,3.33115,7.782432645,5,0,0
A,39,.,.,.,GLN,.,A,62,.,.,.,ASN,.,38,61,58.607508,13.0937992,2.89674,-23.3582928,5,0,1
A,39,.,.,.,GLN,.,A,63,.,.,.,THR,.,38,62,9.778534,2.13801,5.162,-3.8830219,5,0,0
A,40,.,.,.,ARG,.,A,41,.,.,.,ILE,.,39,40,41.3494507,5.555027,1.32992,0,1,1,0
A,40,.,.,.,ARG,.,A,42,.,.,.,THR,.,39,41,18.005552,0,3.8672,-9.44546412,2,0,0
A,40,.,.,.,ARG,.,A,60,.,.,.,ILE,.,39,59,7.01885,0,3.39367,-0.612253,5,0,0
A,40,.,.,.,ARG,.,A,61,.,.,.,GLU,.,39,60,41.024388,0,2.77843,-15.2628323,5,0,1
A,40,.,.,.,ARG,.,A,62,.,.,.,ASN,.,39,61,5.84352,1.04288,5.39324,2.063496,5,0,0
A,41,.,.,.,ILE,.,A,42,.,.,.,THR,.,40,41,33.76023028,1.808762,1.32862,0,1,1,0
A,41,.,.,.,ILE,.,A,43,.,.,.,ILE,.,40,42,28.664884049,5.372054,3.93608,-39.784421526,2,0,0
A,41,.,.,.,ILE,.,A,58,.,.,.,ILE,.,40,57,2.687694,0,4.57587,-5.45123,5,0,0
A,41,.,.,.,ILE,.,A,59,.,.,.,LYS,.,40,58,4.7583202,0,3.41735,-0.11842142,5,0,0
A,41,.,.,.,ILE,.,A,60,.,.,.,ILE,.,40,59,23.277757923,0,3.105,-40.50642581362,5,0,0
A,41,.,.,.,ILE,.,A,61,.,.,.,GLU,.,40,60,3.298288,0,3.47743,5.110527,5,0,0
A,42,.,.,.,THR,.,A,43,.,.,.,ILE,.,41,42,43.3323812173,1.6548564,1.32695,0,1,1,0
A,42,.,.,.,THR,.,A,44,.,.,.,GLY,.,41,43,0.2312856,0,4.48761,0.05138606,2,0,0
A,42,.,.,.,THR,.,A,57,.,.,.,LEU,.,41,56,3.5794149,0,4.16457,1.3897057,5,0,0
A,42,.,.,.,THR,.,A,58,.,.,.,ILE,.,41,57,0.781793,0,4.02055,0.348705,5,0,0
A,42,.,.,.,THR,.,A,59,.,.,.,LYS,.,41,58,37.99734188,0,2.52932,-11.642270088,5,0,1
A,42,.,.,.,THR,.,A,61,.,.,.,GLU,.,41,60,12.3354008323,0,3.72418,-4.6734031994,5,0,0
A,43,.,.,.,ILE,.,A,44,.,.,.,GLY,.,42,43,38.4805851,4.58345,1.33027,0,1,1,0
A,43,.,.,.,ILE,.,A,45,.,.,.,LEU,.,42,44,31.535209704,7.7621411,4.64044,-53.650667733,2,0,0
A,43,.,.,.,ILE,.,A,57,.,.,.,LEU,.,42,56,7.74291017,0,3.13791,-6.061125911,5,0,0
A,43,.,.,.,ILE,.,A,58,.,.,.,ILE,.,42,57,16.3611453,0,3.89145,-24.6085933,5,0,0
A,43,.,.,.,ILE,.,A,59,.,.,.,LYS,.,42,58,0.924347,0,4.58676,0.721181,5,0,0
A,44,.,.,.,GLY,.,A,45,.,.,.,LEU,.,43,44,32.790622,2.35391,1.32527,0,1,1,0
A,44,.,.,.,GLY,.,A,47,.,.,.,LEU,.,43,46,26.08094185,3.392248,3.89938,-7.866865104,3,0,0
A,44,.,.,.,GLY,.,A,55,.,.,.,LYS,.,43,54,0.761333,0,4.3266,0.607771,5,0,0
A,44,.,.,.,GLY,.,A,56,.,.,.,ASP,.,43,55,3.141798,0,3.3303,0.326297,5,0,0
A,44,.,.,.,GLY,.,A,57,.,.,.,LEU,.,43,56,26.852448,0,2.51371,-6.460379,5,0,1
A,45,.,.,.,LEU,.,A,46,.,.,.,ASN,.,44,45,49.5021369,9.469424,1.33048,0,1,1,0
A,45,.,.,.,LEU,.,A,47,.,.,.,LEU,.,44,46,25.978747,5.448908,3.17848,1.838914,2,0,0
A,45,.,.,.,LEU,.,A,55,.,.,.,LYS,.,44,54,1.581675,0,3.62913,1.686773,5,0,0
A,45,.,.,.,LEU,.,A,56,.,.,.,ASP,.,44,55,24.1867806,0,2.97579,6.9187037,5,0,0
A,45,.,.,.,LEU,.,A,57,.,.,.,LEU,.,44,56,3.11569,0,4.31295,0.017941,5,0,0
A,45,.,.,.,LEU,.,A,58,.,.,.,ILE,.,44,57,3.2936,0,5.68461,-5.59863,5,0,0
A,46,.,.,.,ASN,.,A,47,.,.,.,LEU,.,45,46,31.7229287,4.01596,1.3293,0,1,1,0
A,46,.,.,.,ASN,.,A,48,.,.,.,PRO,.,45,47,8.0852161,4.8334895,4.42718,4.996198611,2,0,0
A,46,.,.,.,ASN,.,A,53,.,.,.,GLY,.,45,52,0.749772,0.995059,6.38346,0.46152,5,0,0
A,46,.,.,.,ASN,.,A,54,.,.,.,ARG,.,45,53,58.432775276,11.576495,3.01154,3.1916497897,5,0,0
A,46,.,.,.,ASN,.,A,55,.,.,.,LYS,.,45,54,6.6986624,0,2.90605,-0.0116486999999999,5,0,0
A,46,.,.,.,ASN,.,A,56,.,.,.,ASP,.,45,55,8.98324581,0,3.09437,0.2115647,5,0,1
A,47,.,.,.,LEU,.,A,48,.,.,.,PRO,.,46,47,64.6577663,12.074497,1.34274,0,1,1,0
A,47,.,.,.,LEU,.,A,49,.,.,.,SER,.,46,48,1.752241,0,3.392,1.11652746,2,0,0
A,47,.,.,.,LEU,.,A,53,.,.,.,GLY,.,46,52,1.383374,0,4.4072,1.267046,5,0,0
A,47,.,.,.,LEU,.,A,54,.,.,.,ARG,.,46,53,8.0917109,0,3.58519,-2.2885945,5,0,0
A,47,.,.,.,LEU,.,A,55,.,.,.,LYS,.,46,54,27.0664253,0.378739,2.9265,1.3178018,5,0,1
A,47,.,.,.,LEU,.,A,57,.,.,.,LEU,.,46,56,21.370184834,0.592455,5.13417,-42.43708087,5,0,0
A,48,.,.,.,PRO,.,A,49,.,.,.,SER,.,47,48,38.511923683,4.492336,1.33138,0,1,1,0
A,48,.,.,.,PRO,.,A,51,.,.,.,GLU,.,47,50,10.459033,6.834351,6.76491,4.0313832,3,0,0
A,48,.,.,.,PRO,.,A,52,.,.,.,MET,.,47,51,1.051161,0.507952,6.86201,0.955694,4,0,0
A,48,.,.,.,PRO,.,A,53,.,.,.,GLY,.,47,52,14.421644,4.98878,4.61729,-7.609388,5,0,0
A,48,.,.,.,PRO,.,A,55,.,.,.,LYS,.,47,54,20.990571,4.34073,3.03606,4.814869,5,0,0
A,49,.,.,.,SER,.,A,50,.,.,.,GLY,.,48,49,40.760752,4.87519,1.33277,0,1,1,0
A,49,.,.,.,SER,.,A,51,.,.,.,GLU,.,48,50,24.287811,4.74095,2.59385,20.812266,2,0,1
A,49,.,.,.,SER,.,A,52,.,.,.,MET,.,48,51,6.16898446,2.19643,4.60069,3.09038586,3,0,0
A,49,.,.,.,SER,.,A,53,.,.,.,GLY,.,48,52,23.1732506,1.70541,3.79568,1.8448731,4,0,0
A,49,.,.,.,SER,.,A,54,.,.,.,ARG,.,48,53,16.567636,2.50747,3.76092,12.043961,5,0,0
A,49,.,.,.,SER,.,A,55,.,.,.,LYS,.,48,54,33.6303705,3.25425,3.69445,6.617498,5,0,0
A,50,.,.,.,GLY,.,A,51,.,.,.,GLU,.,49,50,44.2832511,10.53901,1.32987,0,1,1,0
A,50,.,.,.,GLY,.,A,52,.,.,.,MET,.,49,51,31.824026,8.283907,3.32052,-0.1654054,2,0,0
A,50,.,.,.,GLY,.,A,53,.,.,.,GLY,.,49,52,0.585137,0,4.92409,0.233616,3,0,0
A,50,.,.,.,GLY,.,A,55,.,.,.,LYS,.,49,54,2.134938,0.416318,5.01732,0.9004215,5,0,0
A,51,.,.,.,GLU,.,A,52,.,.,.,MET,.,50,51,56.301332,16.616814,1.33056,0,1,1,0
A,52,.,.,.,MET,.,A,53,.,.,.,GLY,.,51,52,65.563479,18.591069,1.3301,0,1,1,0
A,53,.,.,.,GLY,.,A,54,.,.,.,ARG,.,52,53,52.976583,15.69563,1.33121,0,1,1,0
A,54,.,.,.,ARG,.,A,55,.,.,.,LYS,.,53,54,25.2032237,0,1.32924,0,1,1,0
A,55,.,.,.,LYS,.,A,56,.,.,.,ASP,.,54,55,27.598712,0,1.32837,0,1,1,0
A,55,.,.,.,LYS,.,A,57,.,.,.,LEU,.,54,56,23.4838739,4.69525,5.78867,9.148161956,2,0,0
A,56,.,.,.,ASP,.,A,57,.,.,.,LEU,.,55,56,25.52356,0,1.32717,0,1,1,0
A,56,.,.,.,ASP,.,A,58,.,.,.,ILE,.,55,57,0.828175,0,5.75725,-0.150808,2,0,0
A,57,.,.,.,LEU,.,A,58,.,.,.,ILE,.,56,57,26.3033087,0,1.33013,0,1,1,0
A,57,.,.,.,LEU,.,A,59,.,.,.,LYS,.,56,58,28.6731551,0.3304446,3.661,5.89098068,2,0,0
A,58,.,.,.,ILE,.,A,59,.,.,.,LYS,.,57,58,21.105531,0,1.33048,0,1,1,0
A,58,.,.,.,ILE,.,A,60,.,.,.,ILE,.,57,59,16.6849029,0,3.79884,-29.903746,2,0,0
A,59,.,.,.,LYS,.,A,60,.,.,.,ILE,.,58,59,20.60702101627,0,1.32919,0,1,1,0
A,59,.,.,.,LYS,.,A,61,.,.,.,GLU,.,58,60,10.9485425906,0,3.65957,4.40953852869,2,0,0
A,59,.,.,.,LYS,.,A,85,.,.,.,ILE,.,58,84,3.326532,0.74081,5.74358,0.312152,5,0,0
A,60,.,.,.,ILE,.,A,61,.,.,.,GLU,.,59,60,23.16674,0,1.32617,0,1,1,0
A,60,.,.,.,ILE,.,A,63,.,.,.,THR,.,59,62,22.08437,0,3.2772,-14.5318677,3,0,0
A,60,.,.,.,ILE,.,A,65,.,.,.,LEU,.,59,64,2.17626698,0,7.04423,-4.663196201,5,0,0
A,60,.,.,.,ILE,.,A,85,.,.,.,ILE,.,59,84,0.7467554,0,6.10352,-0.35222928,5,0,0
A,61,.,.,.,GLU,.,A,62,.,.,.,ASN,.,60,61,26.6834276,0,1.33093,0,1,1,0
A,61,.,.,.,GLU,.,A,63,.,.,.,THR,.,60,62,7.126385,0,3.28218,4.40611787,2,0,0
A,61,.,.,.,GLU,.,A,85,.,.,.,ILE,.,60,84,4.7430759,0,6.05046,-2.4598208,5,0,0
A,62,.,.,.,ASN,.,A,63,.,.,.,THR,.,61,62,31.7312038,3.85971,1.32879,0,1,1,0
A,63,.,.,.,THR,.,A,64,.,.,.,PHE,.,62,63,52.891698029,8.983595,1.33139,0,1,1,0
A,63,.,.,.,THR,.,A,65,.,.,.,LEU,.,62,64,9.28302,1.05209,5.63683,-3.658878,2,0,0
A,64,.,.,.,PHE,.,A,65,.,.,.,LEU,.,63,64,45.90931182,3.2796,1.32691,0,1,1,0
A,64,.,.,.,PHE,.,A,66,.,.,.,SER,.,63,65,2.579172,3.72551,6.24875,-0.536356,2,0,0
A,64,.,.,.,PHE,.,A,69,.,.,.,GLN,.,63,68,14.84513,6.518307,4.47168,6.31882,5,0,0
A,64,.,.,.,PHE,.,A,84,.,.,.,ARG,.,63,83,30.3952989,4.202575,4.47747,-21.2517567,5,0,0
A,64,.,.,.,PHE,.,A,85,.,.,.,ILE,.,63,84,2.6125515,0,5.01777,0.8448304,5,0,0
A,64,.,.,.,PHE,.,A,86,.,.,.,ASP,.,63,85,21.686278,0.39531,3.80364,-5.05431389,5,0,0
A,64,.,.,.,PHE,.,A,89,.,.,.,GLU,.,63,88,16.374937,5.585895,5.39111,-3.3464,5,0,0
A,65,.,.,.,LEU,.,A,66,.,.,.,SER,.,64,65,32.83990252,3.26815,1.32824,0,1,1,0
A,65,.,.,.,LEU,.,A,69,.,.,.,GLN,.,64,68,29.37777166,1.73252,3.62268,-10.64924409,4,0,0
A,65,.,.,.,LEU,.,A,70,.,.,.,VAL,.,64,69,19.8122489,0,3.51514,-27.4671118,5,0,0
A,65,.,.,.,LEU,.,A,73,.,.,.,LEU,.,64,72,7.070785,0,5.22468,-12.822312,5,0,0
A,65,.,.,.,LEU,.,A,82,.,.,.,VAL,.,64,81,13.934778,0,3.58276,-21.653479,5,0,0
A,65,.,.,.,LEU,.,A,84,.,.,.,ARG,.,64,83,22.2087372,1.980607,3.87022,-9.801547077,5,0,0
A,66,.,.,.,SER,.,A,67,.,.,.,GLU,.,65,66,35.884146,5.298554,1.32921,0,1,1,0
A,66,.,.,.,SER,.,A,68,.,.,.,ASP,.,65,67,21.93438,5.562257,2.64308,-14.777473,2,0,1
A,66,.,.,.,SER,.,A,69,.,.,.,GLN,.,65,68,38.0925481,5.44568,2.85318,1.9203201,3,0,1
A,66,.,.,.,SER,.,A,70,.,.,.,VAL,.,65,69,13.9743809592,0,3.09903,-5.1226709186,4,0,1
A,66,.,.,.,SER,.,A,84,.,.,.,ARG,.,65,83,12.00917,2.21579,4.43677,3.057486,5,0,0
A,67,.,.,.,GLU,.,A,68,.,.,.,ASP,.,66,67,37.28752469,7.905773,1.32945,0,1,1,0
A,67,.,.,.,GLU,.,A,69,.,.,.,GLN,.,66,68,4.56803,0,2.80061,7.426723,2,0,0
A,67,.,.,.,GLU,.,A,70,.,.,.,VAL,.,66,69,8.63597551,0,3.53254,0.5906517,3,0,0
A,67,.,.,.,GLU,.,A,71,.,.,.,ASP,.,66,70,40.0298102,3.1473119,3.01801,39.15718249,4,0,1
A,67,.,.,.,GLU,.,A,84,.,.,.,ARG,.,66,83,22.6619412,7.623849,4.77681,-3.0213752,5,0,0
A,67,.,.,.,GLU,.,A,94,.,.,.,SER,.,66,93,5.41726966,2.77491,7.35099,3.337561733,5,0,0
A,67,.,.,.,GLU,.,A,95,.,.,.,ARG,.,66,94,2.323271,1.774662,7.45341,1.255311,5,0,0
A,67,.,.,.,GLU,.,A,97,.,.,.,SER,.,66,96,14.10868,8.05849,5.90556,-1.6368653,5,0,0
A,68,.,.,.,ASP,.,A,69,.,.,.,GLN,.,67,68,40.8157536,8.308521,1.32791,0,1,1,0
A,68,.,.,.,ASP,.,A,71,.,.,.,ASP,.,67,70,13.95792,1.40402,4.36553,12.4038,3,0,0
A,68,.,.,.,ASP,.,A,72,.,.,.,GLN,.,67,71,27.132519,0.25723,3.50572,1.62938554,4,0,0
A,68,.,.,.,ASP,.,A,99,.,.,.,PRO,.,67,98,8.3186273,0.188496,6.16924,0.6582721,5,0,0
A,68,.,.,.,ASP,.,A,100,.,.,.,GLU,.,67,99,4.8586495,4.194856,7.73499,6.7801276,5,0,0
A,68,.,.,.,ASP,.,A,101,.,.,.,ARG,.,67,100,4.375137,3.825722,7.24372,0.8627109,5,0,0
A,68,.,.,.,ASP,.,A,103,.,.,.,ASP,.,67,102,9.4694296,7.660134,7.38351,6.94914982,5,0,0
A,69,.,.,.,GLN,.,A,70,.,.,.,VAL,.,68,69,20.8416559,0,1.32928,0,1,1,0
A,69,.,.,.,GLN,.,A,71,.,.,.,ASP,.,68,70,2.9821145,0,3.01098,6.4374086,2,0,0
A,69,.,.,.,GLN,.,A,72,.,.,.,GLN,.,68,71,26.0448476,1.61578,2.80967,8.45589105,3,0,1
A,69,.,.,.,GLN,.,A,73,.,.,.,LEU,.,68,72,9.44007718,0,3.77445,5.50707266,4,0,0
A,69,.,.,.,GLN,.,A,103,.,.,.,ASP,.,68,102,0.0375115,0.557454,8.75372,0.000887105,5,0,0
A,70,.,.,.,VAL,.,A,71,.,.,.,ASP,.,69,70,22.03870438,0,1.33046,0,1,1,0
A,70,.,.,.,VAL,.,A,72,.,.,.,GLN,.,69,71,1.152664,0,3.11171,2.598258,2,0,0
A,70,.,.,.,VAL,.,A,73,.,.,.,LEU,.,69,72,19.73273238,0,2.87115,-12.65933339,3,0,1
A,70,.,.,.,VAL,.,A,74,.,.,.,ALA,.,69,73,0.337796,0,4.00368,0.242884,4,0,0
A,70,.,.,.,VAL,.,A,82,.,.,.,VAL,.,69,81,20.65586,0,3.4659,-36.847063,5,0,0
A,70,.,.,.,VAL,.,A,84,.,.,.,ARG,.,69,83,7.344307374,0,5.19938,-1.7026617043,5,0,0
A,70,.,.,.,VAL,.,A,94,.,.,.,SER,.,69,93,15.12445071,0,4.1123,-3.550592776,5,0,0
A,70,.,.,.,VAL,.,A,95,.,.,.,ARG,.,69,94,5.30068251,0,4.77883,-0.13025325,5,0,0
A,70,.,.,.,VAL,.,A,96,.,.,.,PRO,.,69,95,17.9925066,0,3.62124,-2.77445505,5,0,0
A,71,.,.,.,ASP,.,A,72,.,.,.,GLN,.,70,71,18.18970849,0,1.32772,0,1,1,0
A,71,.,.,.,ASP,.,A,73,.,.,.,LEU,.,70,72,2.79644,0,2.68952,5.044399,2,0,0
A,71,.,.,.,ASP,.,A,74,.,.,.,ALA,.,70,73,10.27593983,0,2.57521,0.6674736,3,0,1
A,71,.,.,.,ASP,.,A,75,.,.,.,LEU,.,70,74,0.0588331,0,4.55322,0.0695207,4,0,0
A,71,.,.,.,ASP,.,A,94,.,.,.,SER,.,70,93,0.0330868,0,7.57704,-0.00144224,5,0,0
A,71,.,.,.,ASP,.,A,95,.,.,.,ARG,.,70,94,8.74212,0,4.12293,10.2368,5,0,0
A,71,.,.,.,ASP,.,A,96,.,.,.,PRO,.,70,95,8.314114513,0,3.93038,3.081881807,5,0,0
A,71,.,.,.,ASP,.,A,97,.,.,.,SER,.,70,96,34.88258421,0.821691,3.10678,-1.16671376,5,0,1
A,71,.,.,.,ASP,.,A,98,.,.,.,LEU,.,70,97,1.17739547,0.535519,5.04511,1.31942609,5,0,0
A,71,.,.,.,ASP,.,A,99,.,.,.,PRO,.,70,98,27.04810809,0.809441,3.69478,3.203691978,5,0,0
A,71,.,.,.,ASP,.,A,100,.,.,.,GLU,.,70,99,0.318788,1.7701,8.22411,0.277343,5,0,0
A,72,.,.,.,GLN,.,A,73,.,.,.,LEU,.,71,72,19.1260451,0,1.32804,0,1,1,0
A,72,.,.,.,GLN,.,A,74,.,.,.,ALA,.,71,73,1.8839821,0,3.27896,3.3879456,2,0,0
A,72,.,.,.,GLN,.,A,75,.,.,.,LEU,.,71,74,6.682967302,0,4.50359,1.630261158,3,0,0
A,72,.,.,.,GLN,.,A,76,.,.,.,TYR,.,71,75,7.8877162,0,4.40635,0.4309205,4,0,0
A,72,.,.,.,GLN,.,A,99,.,.,.,PRO,.,71,98,20.47592971,0,3.32762,-5.018201041,5,0,0
A,72,.,.,.,GLN,.,A,101,.,.,.,ARG,.,71,100,14.2058,0.16385,3.04798,-3.72062,5,0,1
A,72,.,.,.,GLN,.,A,102,.,.,.,ILE,.,71,101,22.36564831,0,3.63063,-0.26491506,5,0,0
A,72,.,.,.,GLN,.,A,103,.,.,.,ASP,.,71,102,24.378616,1.707809,4.21766,2.247698608,5,0,0
A,72,.,.,.,GLN,.,A,105,.,.,.,VAL,.,71,104,0.610095,0,6.03864,-0.109828,5,0,0
A,73,.,.,.,LEU,.,A,74,.,.,.,ALA,.,72,73,16.086838,0,1.3283,0,1,1,0
A,73,.,.,.,LEU,.,A,75,.,.,.,LEU,.,72,74,2.115644,0,3.24064,3.750349,2,0,0
A,73,.,.,.,LEU,.,A,76,.,.,.,TYR,.,72,75,8.54707572,0,2.92429,-3.693246497,3,0,1
A,73,.,.,.,LEU,.,A,77,.,.,.,ALA,.,72,76,21.2407876,0,2.58683,-2.7549854,4,0,1
A,73,.,.,.,LEU,.,A,80,.,.,.,ALA,.,72,79,1.664682,0,5.91373,-2.1743527,5,0,0
A,73,.,.,.,LEU,.,A,82,.,.,.,VAL,.,72,81,7.16677,0,4.37314,-13.8993,5,0,0
A,73,.,.,.,LEU,.,A,96,.,.,.,PRO,.,72,95,9.59085366,0,4.19684,-4.80078397,5,0,0
A,74,.,.,.,ALA,.,A,75,.,.,.,LEU,.,73,74,24.7667679,0,1.32777,0,1,1,0
A,74,.,.,.,ALA,.,A,76,.,.,.,TYR,.,73,75,2.12858,0,3.18164,3.078488,2,0,0
A,74,.,.,.,ALA,.,A,77,.,.,.,ALA,.,73,76,1.643848,0,4.04615,0.167195,3,0,0
A,74,.,.,.,ALA,.,A,78,.,.,.,PRO,.,73,77,23.72302993,0,3.224,2.33924662,4,0,0
A,74,.,.,.,ALA,.,A,96,.,.,.,PRO,.,73,95,18.14899513,0,3.65066,2.037727693,5,0,0
A,74,.,.,.,ALA,.,A,97,.,.,.,SER,.,73,96,7.70513,0,3.0372,-0.890385,5,0,0
A,74,.,.,.,ALA,.,A,98,.,.,.,LEU,.,73,97,20.1138081,0,3.80527,-18.2709103,5,0,0
A,74,.,.,.,ALA,.,A,99,.,.,.,PRO,.,73,98,6.35197,0,3.98671,-0.670902,5,0,0
A,74,.,.,.,ALA,.,A,133,.,.,.,ILE,.,73,132,0.595776,0,6.67449,0.0570947,5,0,0
A,75,.,.,.,LEU,.,A,76,.,.,.,TYR,.,74,75,47.058447574,2.01181,1.32909,0,1,1,0
A,75,.,.,.,LEU,.,A,78,.,.,.,PRO,.,74,77,12.5460886,2.2871,4.75388,1.76565695,3,0,0
A,75,.,.,.,LEU,.,A,98,.,.,.,LEU,.,74,97,9.76554,0,4.7921,-10.2938781,5,0,0
A,75,.,.,.,LEU,.,A,99,.,.,.,PRO,.,74,98,1.475825,0,5.51699,1.5431613,5,0,0
A,75,.,.,.,LEU,.,A,102,.,.,.,ILE,.,74,101,23.9518331,0,4.16602,-39.34502602,5,0,0
A,75,.,.,.,LEU,.,A,106,.,.,.,LEU,.,74,105,10.894322,0,4.22398,-23.353405,5,0,0
A,75,.,.,.,LEU,.,A,126,.,.,.,VAL,.,74,125,0.0399961,0,6.92311,-0.025002,5,0,0
A,75,.,.,.,LEU,.,A,133,.,.,.,ILE,.,74,132,21.472743,0,4.0563,-41.9463674,5,0,0
A,75,.,.,.,LEU,.,A,135,.,.,.,LEU,.,74,134,8.793696,0,4.43065,-16.470031,5,0,0
A,75,.,.,.,LEU,.,A,146,.,.,.,HIS,.,74,145,24.886731969,2.213134,3.87019,-19.575657326,5,0,0
A,75,.,.,.,LEU,.,A,150,.,.,.,LEU,.,74,149,24.659937,2.21915,4.49382,-30.55931,5,0,0
A,76,.,.,.,TYR,.,A,77,.,.,.,ALA,.,75,76,17.35723234,0,1.33189,0,1,1,0
A,76,.,.,.,TYR,.,A,78,.,.,.,PRO,.,75,77,15.8290603,2.288541,3.08093,3.43226417,2,0,0
A,76,.,.,.,TYR,.,A,102,.,.,.,ILE,.,75,101,4.65392,0,6.02695,-6.17673,5,0,0
A,76,.,.,.,TYR,.,A,105,.,.,.,VAL,.,75,104,15.8815976,0,3.5986,-14.4105446,5,0,0
A,76,.,.,.,TYR,.,A,106,.,.,.,LEU,.,75,105,10.7190381,0,3.91619,-9.5767067,5,0,0
A,76,.,.,.,TYR,.,A,150,.,.,.,LEU,.,75,149,31.1432467,0,3.60324,-34.1222117445,5,0,0
A,77,.,.,.,ALA,.,A,78,.,.,.,PRO,.,76,77,21.8635117,0,1.34377,0,1,1,0
A,77,.,.,.,ALA,.,A,79,.,.,.,GLN,.,76,78,0.8883228,0,3.72629,1.9456344,2,0,0
A,77,.,.,.,ALA,.,A,80,.,.,.,ALA,.,76,79,18.96054919,0,3.49286,-16.43521332,3,0,0
A,77,.,.,.,ALA,.,A,96,.,.,.,PRO,.,76,95,7.04473,0,3.73178,-1.2526332,5,0,0
A,78,.,.,.,PRO,.,A,79,.,.,.,GLN,.,77,78,57.0525656,11.2011455,1.33313,0,1,1,0
A,78,.,.,.,PRO,.,A,80,.,.,.,ALA,.,77,79,5.702439,0,2.91513,5.27082811,2,0,0
A,78,.,.,.,PRO,.,A,95,.,.,.,ARG,.,77,94,6.92886,0,4.11292,-0.303436,5,0,0
A,78,.,.,.,PRO,.,A,96,.,.,.,PRO,.,77,95,20.8660133,0.764524,3.71328,0.412392,5,0,0
A,78,.,.,.,PRO,.,A,98,.,.,.,LEU,.,77,97,7.478205,3.58091,7.12941,-2.578878,5,0,0
A,78,.,.,.,PRO,.,A,133,.,.,.,ILE,.,77,132,9.4668771,4.654581,7.65384,-8.7451941,5,0,0
A,78,.,.,.,PRO,.,A,146,.,.,.,HIS,.,77,145,1.05711,1.76896,8.59925,-1.08671,5,0,0
A,79,.,.,.,GLN,.,A,80,.,.,.,ALA,.,78,79,19.158425,0,1.32482,0,1,1,0
A,79,.,.,.,GLN,.,A,81,.,.,.,THR,.,78,80,4.3595537,0,4.01947,0.94939088,2,0,0
A,79,.,.,.,GLN,.,A,93,.,.,.,LYS,.,78,92,0.742888,2.22402,7.41737,-0.0998271,5,0,0
A,79,.,.,.,GLN,.,A,95,.,.,.,ARG,.,78,94,62.5495754,13.388766,3.0148,-16.18822683,5,0,0
A,79,.,.,.,GLN,.,A,96,.,.,.,PRO,.,78,95,3.38114,2.18131,6.70543,1.76408,5,0,0
A,79,.,.,.,GLN,.,A,128,.,.,.,LYS,.,78,127,0.136268,1.35533,8.8788,0.0253428,5,0,0
A,80,.,.,.,ALA,.,A,81,.,.,.,THR,.,79,80,21.384529,0,1.32465,0,1,1,0
A,80,.,.,.,ALA,.,A,82,.,.,.,VAL,.,79,81,3.6386361,0,4.16656,-1.3102109,2,0,0
A,80,.,.,.,ALA,.,A,95,.,.,.,ARG,.,79,94,4.920955,0,4.24127,1.8308212,5,0,0
A,80,.,.,.,ALA,.,A,96,.,.,.,PRO,.,79,95,15.447741,0,2.82369,-1.8460059,5,0,0
A,81,.,.,.,THR,.,A,82,.,.,.,VAL,.,80,81,25.3666072,0,1.33092,0,1,1,0
A,81,.,.,.,THR,.,A,83,.,.,.,ASN,.,80,82,11.4922498,4.3296572,3.98767,-1.14591988,2,0,0
A,81,.,.,.,THR,.,A,93,.,.,.,LYS,.,80,92,10.0992138,4.821663,6.54491,-2.75004636,5,0,0
A,81,.,.,.,THR,.,A,94,.,.,.,SER,.,80,93,13.699269,0.932735,4.0355,-4.107732,5,0,0
A,81,.,.,.,THR,.,A,95,.,.,.,ARG,.,80,94,32.833037,3.47295,3.73248,-9.4390506,5,0,0
A,81,.,.,.,THR,.,A,96,.,.,.,PRO,.,80,95,0.149129,0,4.99584,0.0839961,5,0,0
A,82,.,.,.,VAL,.,A,83,.,.,.,ASN,.,81,82,23.8384115,0,1.3308,0,1,1,0
A,82,.,.,.,VAL,.,A,84,.,.,.,ARG,.,81,83,14.6384714,0,3.40755,-8.12012043,2,0,0
A,82,.,.,.,VAL,.,A,90,.,.,.,VAL,.,81,89,3.81664,0,4.36589,-1.34166,5,0,0
A,82,.,.,.,VAL,.,A,94,.,.,.,SER,.,81,93,27.7106461,0,3.26494,-11.49809502,5,0,1
A,82,.,.,.,VAL,.,A,96,.,.,.,PRO,.,81,95,5.443605,0,4.9338,-2.808019,5,0,0
A,83,.,.,.,ASN,.,A,84,.,.,.,ARG,.,82,83,24.363767,0,1.33027,0,1,1,0
A,83,.,.,.,ASN,.,A,85,.,.,.,ILE,.,82,84,26.0707704,0.921786,3.11806,2.15163796,2,0,0
A,83,.,.,.,ASN,.,A,88,.,.,.,TYR,.,82,87,39.81134166,9.402455,3.47306,-18.83331453,5,0,0
A,83,.,.,.,ASN,.,A,90,.,.,.,VAL,.,82,89,25.79610756,4.261826,3.48971,-0.47071186,5,0,0
A,83,.,.,.,ASN,.,A,94,.,.,.,SER,.,82,93,0.5600456,0.0756776,5.81781,0.1794214,5,0,0
A,84,.,.,.,ARG,.,A,85,.,.,.,ILE,.,83,84,20.852254,0,1.33052,0,1,1,0
A,84,.,.,.,ARG,.,A,86,.,.,.,ASP,.,83,85,2.17814582,0,3.84572,2.7836873594,2,0,0
A,84,.,.,.,ARG,.,A,88,.,.,.,TYR,.,83,87,6.922178,0,3.54111,-2.415172,4,0,0
A,84,.,.,.,ARG,.,A,89,.,.,.,GLU,.,83,88,24.29734066,2.8052,4.03124,4.18620311,5,0,0
A,84,.,.,.,ARG,.,A,90,.,.,.,VAL,.,83,89,28.357262002,0,3.85028,3.6896016813,5,0,0
A,84,.,.,.,ARG,.,A,91,.,.,.,VAL,.,83,90,19.6887841,6.732402,4.63078,0.1381083,5,0,0
A,84,.,.,.,ARG,.,A,92,.,.,.,GLY,.,83,91,7.609871,2.33836,5.24804,0.7118939,5,0,0
A,84,.,.,.,ARG,.,A,94,.,.,.,SER,.,83,93,20.4953324,0.8647,4.3369,-3.18546024,5,0,0
A,85,.,.,.,ILE,.,A,86,.,.,.,ASP,.,84,85,20.258213,0,1.33022,0,1,1,0
A,85,.,.,.,ILE,.,A,87,.,.,.,ASN,.,84,86,8.921603,0,2.55898,15.938312,2,0,0
A,85,.,.,.,ILE,.,A,88,.,.,.,TYR,.,84,87,8.829554,0,3.87439,7.6114515,3,0,0
A,85,.,.,.,ILE,.,A,89,.,.,.,GLU,.,84,88,0.00417397,0,5.233,0.00751658,4,0,0
A,86,.,.,.,ASP,.,A,87,.,.,.,ASN,.,85,86,39.275501,6.376849,1.33423,0,1,1,0
A,86,.,.,.,ASP,.,A,88,.,.,.,TYR,.,85,87,0.299176,0,4.14739,0.527871,2,0,0
A,86,.,.,.,ASP,.,A,89,.,.,.,GLU,.,85,88,48.040834,10.21337,3.35942,41.6451363,3,0,0
A,87,.,.,.,ASN,.,A,88,.,.,.,TYR,.,86,87,64.0189485,13.343055,1.33278,0,1,1,0
A,87,.,.,.,ASN,.,A,89,.,.,.,GLU,.,86,88,33.672645,9.158557,3.26645,18.6016281,2,0,0
A,88,.,.,.,TYR,.,A,89,.,.,.,GLU,.,87,88,23.80389822,3.108323,1.32791,0,1,1,0
A,88,.,.,.,TYR,.,A,90,.,.,.,VAL,.,87,89,40.467073,11.03764,2.55703,-4.1350636,2,0,0
A,89,.,.,.,GLU,.,A,90,.,.,.,VAL,.,88,89,25.063607,1.98858,1.33045,0,1,1,0
A,89,.,.,.,GLU,.,A,91,.,.,.,VAL,.,88,90,22.847924,8.91936,4.10996,8.4122343,2,0,0
A,90,.,.,.,VAL,.,A,91,.,.,.,VAL,.,89,90,57.8290066,12.2671,1.3307,0,1,1,0
A,90,.,.,.,VAL,.,A,92,.,.,.,GLY,.,89,91,9.6925126,0,3.94652,-1.09844697,2,0,0
A,90,.,.,.,VAL,.,A,93,.,.,.,LYS,.,89,92,5.284448,3.75166,6.15991,2.255307,3,0,0
A,90,.,.,.,VAL,.,A,94,.,.,.,SER,.,89,93,12.8973217,0.767983,4.29956,-5.2950033,4,0,0
A,91,.,.,.,VAL,.,A,92,.,.,.,GLY,.,90,91,60.951464,14.088549,1.32724,0,1,1,0
A,91,.,.,.,VAL,.,A,93,.,.,.,LYS,.,90,92,10.484636,5.65628,3.90884,9.1946756,2,0,0
A,92,.,.,.,GLY,.,A,93,.,.,.,LYS,.,91,92,43.058836062,11.0228,1.32963,0,1,1,0
A,92,.,.,.,GLY,.,A,94,.,.,.,SER,.,91,93,17.9972365,2.62372,2.44957,-3.673832122,2,0,1
A,93,.,.,.,LYS,.,A,94,.,.,.,SER,.,92,93,30.234827,2.438185,1.33255,0,1,1,0
A,93,.,.,.,LYS,.,A,95,.,.,.,ARG,.,92,94,80.747859774,21.697813,2.93475,42.045869887,2,0,0
A,94,.,.,.,SER,.,A,95,.,.,.,ARG,.,93,94,29.89682,0.845269,1.32768,0,1,1,0
A,94,.,.,.,SER,.,A,96,.,.,.,PRO,.,93,95,1.13666,0,4.42107,0.739508,2,0,0
A,95,.,.,.,ARG,.,A,96,.,.,.,PRO,.,94,95,40.8114242,1.64445,1.33735,0,1,1,0
A,95,.,.,.,ARG,.,A,97,.,.,.,SER,.,94,96,22.854575,8.904372,3.17352,-1.2504049,2,0,0
A,96,.,.,.,PRO,.,A,97,.,.,.,SER,.,95,96,28.37356739,2.71672,1.32659,0,1,1,0
A,96,.,.,.,PRO,.,A,98,.,.,.,LEU,.,95,97,3.797314,1.71272,6.05634,1.250355,2,0,0
A,97,.,.,.,SER,.,A,98,.,.,.,LEU,.,96,97,51.8206858,13.015462,1.32608,0,1,1,0
A,97,.,.,.,SER,.,A,99,.,.,.,PRO,.,96,98,3.666989,0,3.26851,-0.17737988,2,0,0
A,98,.,.,.,LEU,.,A,99,.,.,.,PRO,.,97,98,37.22943791,0,1.33379,0,1,1,0
A,98,.,.,.,LEU,.,A,100,.,.,.,GLU,.,97,99,17.3736,8.31961,3.86671,17.932076,2,0,0
A,98,.,.,.,LEU,.,A,102,.,.,.,ILE,.,97,101,1.5433,0,6.43617,-3.30705,4,0,0
A,98,.,.,.,LEU,.,A,126,.,.,.,VAL,.,97,125,20.662017,1.165506,4.62715,-33.0196075,5,0,0
A,98,.,.,.,LEU,.,A,128,.,.,.,LYS,.,97,127,53.155284,15.047047,3.87527,1.0202569,5,0,0
A,98,.,.,.,LEU,.,A,133,.,.,.,ILE,.,97,132,24.09705,0.637119,4.87379,-49.69776,5,0,0
A,99,.,.,.,PRO,.,A,100,.,.,.,GLU,.,98,99,33.8445451,0.92574,1.3235,0,1,1,0
A,99,.,.,.,PRO,.,A,101,.,.,.,ARG,.,98,100,11.7452783,0,3.24674,5.71898035,2,0,0
A,99,.,.,.,PRO,.,A,102,.,.,.,ILE,.,98,101,17.27068,0,3.64283,-5.707185,3,0,0
A,99,.,.,.,PRO,.,A,126,.,.,.,VAL,.,98,125,17.072871,0,3.31005,4.042296,5,0,0
A,100,.,.,.,GLU,.,A,101,.,.,.,ARG,.,99,100,49.88166683,10.846744,1.33057,0,1,1,0
A,100,.,.,.,GLU,.,A,125,.,.,.,ALA,.,99,124,14.60676,3.25056,3.63221,8.41063,5,0,0
A,100,.,.,.,GLU,.,A,126,.,.,.,VAL,.,99,125,33.908750064,7.59658,2.90333,3.500778992,5,0,1
A,101,.,.,.,ARG,.,A,102,.,.,.,ILE,.,100,101,23.950449,0,1.33022,0,1,1,0
A,101,.,.,.,ARG,.,A,103,.,.,.,ASP,.,100,102,32.220062,8.5105218,4.10366,-14.899365155,2,0,0
A,101,.,.,.,ARG,.,A,123,.,.,.,SER,.,100,122,19.267594,0,3.20113,-7.2625509,5,0,0
A,101,.,.,.,ARG,.,A,124,.,.,.,PHE,.,100,123,12.5208029,0,3.33124,-0.12503854,5,0,0
A,101,.,.,.,ARG,.,A,125,.,.,.,ALA,.,100,124,24.231902,6.17071,4.64827,-1.6446794,5,0,0
A,101,.,.,.,ARG,.,A,126,.,.,.,VAL,.,100,125,3.429339,0,4.56224,0.143337,5,0,0
A,101,.,.,.,ARG,.,A,138,.,.,.,LYS,.,100,137,54.83314994,17.509085,4.0763,21.61385929,5,0,0
A,102,.,.,.,ILE,.,A,103,.,.,.,ASP,.,101,102,26.6398388,0,1.32965,0,1,1,0
A,102,.,.,.,ILE,.,A,105,.,.,.,VAL,.,101,104,9.399981,0,5.09828,-10.6774242,3,0,0
A,102,.,.,.,ILE,.,A,106,.,.,.,LEU,.,101,105,23.569412,0,4.05346,-28.689065,4,0,0
A,102,.,.,.,ILE,.,A,122,.,.,.,SER,.,101,121,0.915698,0,4.70398,0.358024,5,0,0
A,102,.,.,.,ILE,.,A,123,.,.,.,SER,.,101,122,3.5080233,0,3.71189,-2.1716791,5,0,0
A,102,.,.,.,ILE,.,A,124,.,.,.,PHE,.,101,123,20.0438784,0,2.96322,-27.99962632,5,0,1
A,102,.,.,.,ILE,.,A,126,.,.,.,VAL,.,101,125,17.835001,0,3.42593,-28.012732,5,0,0
A,102,.,.,.,ILE,.,A,133,.,.,.,ILE,.,101,132,0.205186,0,6.55656,-0.176561,5,0,0
A,102,.,.,.,ILE,.,A,135,.,.,.,LEU,.,101,134,7.391486,0,4.32556,-14.842076,5,0,0
A,103,.,.,.,ASP,.,A,104,.,.,.,ASN,.,102,103,54.50732061,9.77149,1.32781,0,1,1,1
A,103,.,.,.,ASP,.,A,105,.,.,.,VAL,.,102,104,15.63017,0,2.80234,9.891996,2,0,0
A,103,.,.,.,ASP,.,A,106,.,.,.,LEU,.,102,105,0.3472198,0,5.0389,0.64811231,3,0,0
A,103,.,.,.,ASP,.,A,121,.,.,.,SER,.,102,120,9.5703413,3.213975,5.3051,-3.3895924,5,0,0
A,103,.,.,.,ASP,.,A,122,.,.,.,SER,.,102,121,9.37595,0,3.33523,3.420566,5,0,0
A,103,.,.,.,ASP,.,A,123,.,.,.,SER,.,102,122,12.89163,0.165781,4.2491,0.0495054,5,0,0
A,103,.,.,.,ASP,.,A,138,.,.,.,LYS,.,102,137,0.258551,0.964711,8.11531,-0.115183,5,0,0
A,104,.,.,.,ASN,.,A,105,.,.,.,VAL,.,103,104,37.434824,1.73627,1.32449,0,1,1,0
A,104,.,.,.,ASN,.,A,106,.,.,.,LEU,.,103,105,1.045231,0,4.88908,1.108265,2,0,0
A,104,.,.,.,ASN,.,A,107,.,.,.,VAL,.,103,106,2.63265,3.0082,6.99491,1.35155,3,0,0
A,104,.,.,.,ASN,.,A,121,.,.,.,SER,.,103,120,46.374598,14.796666,2.72454,-16.394532,5,0,1
A,104,.,.,.,ASN,.,A,122,.,.,.,SER,.,103,121,23.43769502094,1.91893,3.03351,9.46019258851,5,0,1
A,105,.,.,.,VAL,.,A,106,.,.,.,LEU,.,104,105,34.76548914,0,1.32456,0,1,1,0
A,105,.,.,.,VAL,.,A,107,.,.,.,VAL,.,104,106,20.39432722,2.40293,3.87768,-7.16150453,2,0,0
A,105,.,.,.,VAL,.,A,122,.,.,.,SER,.,104,121,3.189071,0,3.58146,0.36461,5,0,0
A,105,.,.,.,VAL,.,A,149,.,.,.,VAL,.,104,148,0.148977,0.160223,6.99576,0.0557905,5,0,0
A,105,.,.,.,VAL,.,A,150,.,.,.,LEU,.,104,149,0.0507979,0.0589914,7.30148,0.0274004,5,0,0
A,106,.,.,.,LEU,.,A,107,.,.,.,VAL,.,105,106,31.140346,0,1.32769,0,1,1,0
A,106,.,.,.,LEU,.,A,122,.,.,.,SER,.,105,121,20.544739,0,2.70612,2.3724471,5,0,1
A,106,.,.,.,LEU,.,A,124,.,.,.,PHE,.,105,123,24.84726541,0,3.68527,-35.66563713,5,0,0
A,106,.,.,.,LEU,.,A,135,.,.,.,LEU,.,105,134,14.86538101,0,3.23825,-27.06675737,5,0,0
A,106,.,.,.,LEU,.,A,149,.,.,.,VAL,.,105,148,20.5065087,0,3.33878,-29.9999286,5,0,0
A,106,.,.,.,LEU,.,A,150,.,.,.,LEU,.,105,149,10.5320238,0,4.01304,-22.6102377,5,0,0
A,107,.,.,.,VAL,.,A,108,.,.,.,CYS,.,106,107,29.268914,0,1.32673,0,1,1,0
A,107,.,.,.,VAL,.,A,109,.,.,.,PRO,.,106,108,5.885847,0,3.32172,-0.2683608,2,0,0
A,107,.,.,.,VAL,.,A,115,.,.,.,SER,.,106,114,2.0916833,0.746726,6.57467,0.3238117,5,0,0
A,107,.,.,.,VAL,.,A,116,.,.,.,HIS,.,106,115,35.874306,10.649397,3.75113,-19.8320667,5,0,0
A,107,.,.,.,VAL,.,A,122,.,.,.,SER,.,106,121,8.95465,2.97359,5.05879,3.627955,5,0,0
A,107,.,.,.,VAL,.,A,124,.,.,.,PHE,.,106,123,3.9992828,0,3.91298,-1.3891563,5,0,0
A,107,.,.,.,VAL,.,A,149,.,.,.,VAL,.,106,148,18.9025778,1.3263,3.82521,-3.34657148,5,0,0
A,107,.,.,.,VAL,.,A,152,.,.,.,ASN,.,106,151,35.511789,9.541886,4.14385,3.67645,5,0,0
A,108,.,.,.,CYS,.,A,109,.,.,.,PRO,.,107,108,29.7607009,0,1.3419,0,1,1,0
A,108,.,.,.,CYS,.,A,110,.,.,.,ASN,.,107,109,17.435413,0,3.14342,-1.3092102,2,0,1
A,108,.,.,.,CYS,.,A,113,.,.,.,CYS,.,107,112,12.5071,0,3.70137,-43.45402,5,0,0
A,108,.,.,.,CYS,.,A,115,.,.,.,SER,.,107,114,11.12395,0,4.14442,-5.874325,5,0,0
A,108,.,.,.,CYS,.,A,116,.,.,.,HIS,.,107,115,19.7414817,0,3.06952,-8.6861938,5,0,1
A,108,.,.,.,CYS,.,A,122,.,.,.,SER,.,107,121,2.736604,0,5.45461,0.6948495,5,0,0
A,108,.,.,.,CYS,.,A,124,.,.,.,PHE,.,107,123,17.9263394,0,3.41172,-16.01718724,5,0,0
A,108,.,.,.,CYS,.,A,137,.,.,.,CYS,.,107,136,14.831264,0,4.15714,-45.525971,5,0,0
A,108,.,.,.,CYS,.,A,140,.,.,.,CYS,.,107,139,2.7664608,0,5.04859,-7.5662289,5,0,0
A,108,.,.,.,CYS,.,A,142,.,.,.,LYS,.,107,141,2.1259946,0,5.60963,-1.0361435,5,0,0
A,108,.,.,.,CYS,.,A,144,.,.,.,PHE,.,107,143,4.517897,0,4.83949,-6.626026,5,0,0
A,108,.,.,.,CYS,.,A,152,.,.,.,ASN,.,107,151,1.48143643,0,4.78937,-0.556671269,5,0,0
A,109,.,.,.,PRO,.,A,110,.,.,.,ASN,.,108,109,23.456496,1.57395,1.33081,0,1,1,0
A,109,.,.,.,PRO,.,A,111,.,.,.,SER,.,108,110,25.65585686,9.395031,3.08991,3.0164976,2,0,0
A,109,.,.,.,PRO,.,A,116,.,.,.,HIS,.,108,115,1.3545035,0.8031,4.98882,-0.01859061,5,0,0
A,109,.,.,.,PRO,.,A,124,.,.,.,PHE,.,108,123,5.2207415,0,4.53146,-3.3897156,5,0,0
A,109,.,.,.,PRO,.,A,144,.,.,.,PHE,.,108,143,29.5916869,3.129898,3.86123,-21.1413178,5,0,0
A,109,.,.,.,PRO,.,A,148,.,.,.,VAL,.,108,147,19.574491,2.10842,3.8633,-16.1429187,5,0,0
A,109,.,.,.,PRO,.,A,149,.,.,.,VAL,.,108,148,15.81009592,0,3.72818,-3.7716326144,5,0,0
A,109,.,.,.,PRO,.,A,152,.,.,.,ASN,.,108,151,36.5615635,8.417031,3.51454,3.46149969,5,0,0
A,110,.,.,.,ASN,.,A,111,.,.,.,SER,.,109,110,23.4963904,2.148461,1.32714,0,1,1,0
A,110,.,.,.,ASN,.,A,112,.,.,.,ASN,.,109,111,33.34971746,6.4572717,2.79824,-22.31874205,2,0,1
A,110,.,.,.,ASN,.,A,113,.,.,.,CYS,.,109,112,15.02506,0,2.85725,-6.78815135,3,0,1
A,110,.,.,.,ASN,.,A,116,.,.,.,HIS,.,109,115,7.377064,0,3.12593,-1.467475,5,0,1
A,110,.,.,.,ASN,.,A,140,.,.,.,CYS,.,109,139,12.301258,0,4.24104,-0.8745231,5,0,0
A,110,.,.,.,ASN,.,A,142,.,.,.,LYS,.,109,141,35.1098064,6.210792,3.59261,-0.2984398,5,0,0
A,110,.,.,.,ASN,.,A,144,.,.,.,PHE,.,109,143,25.28276,4.96176,4.29067,-6.94893,5,0,0
A,111,.,.,.,SER,.,A,112,.,.,.,ASN,.,110,111,64.7351825,18.25941,1.32806,0,1,1,0
A,111,.,.,.,SER,.,A,113,.,.,.,CYS,.,110,112,7.78198,0.777926,3.18727,5.174493,2,0,0
A,111,.,.,.,SER,.,A,116,.,.,.,HIS,.,110,115,35.560659,9.36767,3.87952,-3.167816,5,0,0
A,111,.,.,.,SER,.,A,117,.,.,.,ALA,.,110,116,1.14612,2.53006,8.01548,0.428991,5,0,0
A,112,.,.,.,ASN,.,A,113,.,.,.,CYS,.,111,112,22.000379,0.988782,1.32869,0,1,1,0
A,112,.,.,.,ASN,.,A,114,.,.,.,ILE,.,111,113,23.52945,9.55479,3.46904,16.16858,2,0,0
A,112,.,.,.,ASN,.,A,140,.,.,.,CYS,.,111,139,10.393056,2.983728,4.30875,1.150279,5,0,0
A,112,.,.,.,ASN,.,A,142,.,.,.,LYS,.,111,141,1.82328,3.31429,8.04386,0.111945,5,0,0
A,113,.,.,.,CYS,.,A,114,.,.,.,ILE,.,112,113,24.5012958,0.802439,1.32889,0,1,1,0
A,113,.,.,.,CYS,.,A,115,.,.,.,SER,.,112,114,16.4946253101239,0,3.10511,0.76898656503528,2,0,1
A,113,.,.,.,CYS,.,A,116,.,.,.,HIS,.,112,115,20.5954222,0,3.38677,-14.51998416,3,0,1
A,113,.,.,.,CYS,.,A,117,.,.,.,ALA,.,112,116,3.40159,1.24112,5.00774,1.088916,4,0,0
A,113,.,.,.,CYS,.,A,137,.,.,.,CYS,.,112,136,7.15097,0,3.79276,-31.4928,5,0,0
A,113,.,.,.,CYS,.,A,139,.,.,.,TYR,.,112,138,5.80429,0,3.97817,-8.612,5,0,0
A,113,.,.,.,CYS,.,A,140,.,.,.,CYS,.,112,139,19.76045,0,2.84533,-66.78824,5,0,0
A,114,.,.,.,ILE,.,A,115,.,.,.,SER,.,113,114,19.8448955,0,1.33194,0,1,1,0
A,114,.,.,.,ILE,.,A,116,.,.,.,HIS,.,113,115,3.19635,0,3.15044,1.7022,2,0,0
A,114,.,.,.,ILE,.,A,117,.,.,.,ALA,.,113,116,11.36892213,2.60094,3.78811,-4.88629261,3,0,0
A,114,.,.,.,ILE,.,A,118,.,.,.,GLU,.,113,117,57.9743283,13.252747,3.27061,30.7012618,4,0,0
A,114,.,.,.,ILE,.,A,120,.,.,.,VAL,.,113,119,0.000124288,0,6.19329,-0.000165041,5,0,0
A,114,.,.,.,ILE,.,A,139,.,.,.,TYR,.,113,138,52.0655295,12.51935,3.20916,-50.23779109,5,0,0
A,114,.,.,.,ILE,.,A,140,.,.,.,CYS,.,113,139,15.479882,3.17444,3.82918,-5.0554195,5,0,0
A,115,.,.,.,SER,.,A,116,.,.,.,HIS,.,114,115,38.545973,2.80087,1.32318,0,1,1,0
A,115,.,.,.,SER,.,A,117,.,.,.,ALA,.,114,116,0.437961,0,3.64568,0.574264,2,0,0
A,115,.,.,.,SER,.,A,118,.,.,.,GLU,.,114,117,14.4513035,0.205085,3.68049,14.431335,3,0,0
A,115,.,.,.,SER,.,A,120,.,.,.,VAL,.,114,119,23.71886,2.1027,4.06161,-0.8943457,5,0,0
A,115,.,.,.,SER,.,A,121,.,.,.,SER,.,114,120,0.113537,0,5.9654,-0.0249138,5,0,0
A,115,.,.,.,SER,.,A,122,.,.,.,SER,.,114,121,18.4312371,1.15083,5.42075,-3.288881,5,0,0
A,115,.,.,.,SER,.,A,124,.,.,.,PHE,.,114,123,0.00436659,0,6.20796,-0.001596626,5,0,0
A,115,.,.,.,SER,.,A,137,.,.,.,CYS,.,114,136,3.202614,0,5.00155,-2.179138,5,0,0
A,115,.,.,.,SER,.,A,139,.,.,.,TYR,.,114,138,14.7367174,0,3.86877,-7.1343012,5,0,0
A,116,.,.,.,HIS,.,A,117,.,.,.,ALA,.,115,116,50.4862097,12.650569,1.32502,0,1,1,0
A,116,.,.,.,HIS,.,A,118,.,.,.,GLU,.,115,117,13.49996,4.82349,3.29093,17.52795,2,0,0
A,116,.,.,.,HIS,.,A,152,.,.,.,ASN,.,115,151,0.910104,1.493,8.05798,-0.199376,5,0,0
A,117,.,.,.,ALA,.,A,118,.,.,.,GLU,.,116,117,49.5538292,10.3287,1.33145,0,1,1,0
A,117,.,.,.,ALA,.,A,119,.,.,.,PRO,.,116,118,12.4069,7.32264,4.62622,8.24101,2,0,0
A,118,.,.,.,GLU,.,A,119,.,.,.,PRO,.,117,118,54.1293294,12.817709,1.34246,0,1,1,0
A,118,.,.,.,GLU,.,A,120,.,.,.,VAL,.,117,119,42.27237612,7.10891,2.92619,18.048470846,2,0,1
A,118,.,.,.,GLU,.,A,139,.,.,.,TYR,.,117,138,3.98012,0.445413,5.06737,-2.31484,5,0,0
A,119,.,.,.,PRO,.,A,120,.,.,.,VAL,.,118,119,61.105616,14.926083,1.32828,0,1,1,0
A,119,.,.,.,PRO,.,A,121,.,.,.,SER,.,118,120,3.39105,5.21599,6.37475,1.382072,2,0,0
A,120,.,.,.,VAL,.,A,121,.,.,.,SER,.,119,120,53.74122416,10.193118,1.32747,0,1,1,0
A,120,.,.,.,VAL,.,A,122,.,.,.,SER,.,119,121,8.3538053,2.84331,3.98699,4.80154358,2,0,0
A,120,.,.,.,VAL,.,A,139,.,.,.,TYR,.,119,138,43.35870858,8.8506,2.56214,-31.07926052,5,0,0
A,121,.,.,.,SER,.,A,122,.,.,.,SER,.,120,121,31.133817,0.116275,1.32607,0,1,1,0
A,121,.,.,.,SER,.,A,123,.,.,.,SER,.,120,122,10.339644,0.101414,3.68303,-1.778573,2,0,0
A,121,.,.,.,SER,.,A,138,.,.,.,LYS,.,120,137,4.462597,3.32798,6.24264,0.34748,5,0,0
A,121,.,.,.,SER,.,A,139,.,.,.,TYR,.,120,138,17.68542748,1.592702,3.50981,-3.2915568,5,0,0
A,122,.,.,.,SER,.,A,123,.,.,.,SER,.,121,122,23.46986566,0,1.32427,0,1,1,0
A,122,.,.,.,SER,.,A,124,.,.,.,PHE,.,121,123,11.4635117,0,3.85909,-8.35627009,2,0,0
A,122,.,.,.,SER,.,A,137,.,.,.,CYS,.,121,136,0.6475165,0,6.54791,-0.0201485,5,0,0
A,122,.,.,.,SER,.,A,139,.,.,.,TYR,.,121,138,3.63771,0,4.96598,-1.213674,5,0,0
A,123,.,.,.,SER,.,A,124,.,.,.,PHE,.,122,123,31.253961,0,1.32702,0,1,1,0
A,123,.,.,.,SER,.,A,125,.,.,.,ALA,.,122,124,0.0217443,0,5.55985,0.00928245,2,0,0
A,123,.,.,.,SER,.,A,136,.,.,.,LYS,.,122,135,0.128047,0,3.92418,0.153225,5,0,0
A,123,.,.,.,SER,.,A,137,.,.,.,CYS,.,122,136,7.09096,0,3.62736,-2.3219008,5,0,0
A,123,.,.,.,SER,.,A,138,.,.,.,LYS,.,122,137,40.3110011,0.221076,2.79358,-2.3042177,5,0,1
A,123,.,.,.,SER,.,A,139,.,.,.,TYR,.,122,138,6.461809,0,5.12812,0.0598255000000002,5,0,0
A,124,.,.,.,PHE,.,A,125,.,.,.,ALA,.,123,124,22.032503,0,1.32608,0,1,1,0
A,124,.,.,.,PHE,.,A,126,.,.,.,VAL,.,123,125,3.6894742,0,3.84424,-0.5423693,2,0,0
A,124,.,.,.,PHE,.,A,135,.,.,.,LEU,.,123,134,21.20857092,0,3.97834,-21.40144715,5,0,0
A,124,.,.,.,PHE,.,A,136,.,.,.,LYS,.,123,135,8.6047681,0,3.30029,0.46639306,5,0,0
A,124,.,.,.,PHE,.,A,137,.,.,.,CYS,.,123,136,21.4998353,0,3.72135,-20.6853983,5,0,0
A,124,.,.,.,PHE,.,A,138,.,.,.,LYS,.,123,137,0.5657052,0,4.64206,0.52434765,5,0,0
A,124,.,.,.,PHE,.,A,142,.,.,.,LYS,.,123,141,0.515419,0,5.49812,0.108265,5,0,0
A,124,.,.,.,PHE,.,A,144,.,.,.,PHE,.,123,143,2.27974,0,5.83207,-3.84416,5,0,0
A,124,.,.,.,PHE,.,A,149,.,.,.,VAL,.,123,148,9.6663119,0,4.68433,-15.2984802,5,0,0
A,125,.,.,.,ALA,.,A,126,.,.,.,VAL,.,124,125,29.74666561,2.94983,1.33165,0,1,1,0
A,125,.,.,.,ALA,.,A,127,.,.,.,ARG,.,124,126,6.603749,2.163027,4.22407,2.3685005,2,0,0
A,125,.,.,.,ALA,.,A,134,.,.,.,ALA,.,124,133,3.54466,0,3.37294,2.51668,5,0,0
A,125,.,.,.,ALA,.,A,135,.,.,.,LEU,.,124,134,7.6107691,0,3.09344,-2.7993259,5,0,0
A,125,.,.,.,ALA,.,A,136,.,.,.,LYS,.,124,135,48.6859339,7.52727,2.84713,13.85978289,5,0,1
A,125,.,.,.,ALA,.,A,138,.,.,.,LYS,.,124,137,7.14319258,1.142436,5.33682,6.07876199,5,0,0
A,125,.,.,.,ALA,.,A,143,.,.,.,GLU,.,124,142,0.2109863,0,5.88431,0.1543746,5,0,0
A,126,.,.,.,VAL,.,A,127,.,.,.,ARG,.,125,126,46.4887,8.12982,1.33003,0,1,1,0
A,126,.,.,.,VAL,.,A,128,.,.,.,LYS,.,125,127,3.929411,0.830195,4.7316,2.873263,2,0,0
A,126,.,.,.,VAL,.,A,133,.,.,.,ILE,.,125,132,11.4335,0,4.13895,-21.0046,5,0,0
A,126,.,.,.,VAL,.,A,134,.,.,.,ALA,.,125,133,3.152474,0,3.5736,-2.544995,5,0,0
A,126,.,.,.,VAL,.,A,135,.,.,.,LEU,.,125,134,14.35951,0,3.33001,-20.94748,5,0,0
A,127,.,.,.,ARG,.,A,128,.,.,.,LYS,.,126,127,52.6301904415,11.46169,1.32774,0,1,1,0
A,127,.,.,.,ARG,.,A,129,.,.,.,ARG,.,126,128,41.772196,9.81399,3.66614,-7.2192935,2,0,0
A,127,.,.,.,ARG,.,A,133,.,.,.,ILE,.,126,132,6.451633,0,3.62872,-1.270838,5,0,0
A,127,.,.,.,ARG,.,A,134,.,.,.,ALA,.,126,133,30.2228774,0,2.77317,-7.3509224,5,0,1
A,127,.,.,.,ARG,.,A,136,.,.,.,LYS,.,126,135,1.626439,2.53329,7.22864,0.793465,5,0,0
A,127,.,.,.,ARG,.,A,143,.,.,.,GLU,.,126,142,45.459471,10.384236,2.68607,-70.23965,5,0,1
A,128,.,.,.,LYS,.,A,129,.,.,.,ARG,.,127,128,52.91699962,3.080206,1.32895,0,1,1,0
A,128,.,.,.,LYS,.,A,130,.,.,.,ALA,.,127,129,8.4151963113,8.18315217,4.69483,5.3943324572,2,0,0
A,128,.,.,.,LYS,.,A,131,.,.,.,ASN,.,127,130,6.82576,5.63456,6.796,6.9725265,3,0,0
A,128,.,.,.,LYS,.,A,132,.,.,.,ASP,.,127,131,2.14479992,0,4.20341,0.346522299,4,0,0
A,128,.,.,.,LYS,.,A,133,.,.,.,ILE,.,127,132,23.0614666,4.599783,4.63603,1.9210158,5,0,0
A,129,.,.,.,ARG,.,A,130,.,.,.,ALA,.,128,129,49.01629331,9.673312,1.32941,0,1,1,0
A,129,.,.,.,ARG,.,A,131,.,.,.,ASN,.,128,130,7.291927,0,3.08735,-2.6118727,2,0,0
A,129,.,.,.,ARG,.,A,132,.,.,.,ASP,.,128,131,54.58439666,6.288576,2.6304,-17.5040505,3,0,1
A,129,.,.,.,ARG,.,A,133,.,.,.,ILE,.,128,132,10.181330652,0,3.27633,11.6187639077,4,0,1
A,129,.,.,.,ARG,.,A,134,.,.,.,ALA,.,128,133,18.498776917,0,3.33512,4.790894045,5,0,0
A,129,.,.,.,ARG,.,A,143,.,.,.,GLU,.,128,142,15.587261,5.98364,5.06529,-14.6862322,5,0,0
A,129,.,.,.,ARG,.,A,144,.,.,.,PHE,.,128,143,8.116469,1.02788,3.879,0.2234078,5,0,0
A,129,.,.,.,ARG,.,A,145,.,.,.,SER,.,128,144,23.987109,3.8385167,2.65197,-2.5232993,5,0,0
A,130,.,.,.,ALA,.,A,131,.,.,.,ASN,.,129,130,59.29841455,16.0510476,1.32888,0,1,1,0
A,130,.,.,.,ALA,.,A,132,.,.,.,ASP,.,129,131,17.71566,4.36129,3.05046,25.68698,2,0,0
A,131,.,.,.,ASN,.,A,132,.,.,.,ASP,.,130,131,51.0122497631,6.93414686,1.32996,0,1,1,0
A,131,.,.,.,ASN,.,A,133,.,.,.,ILE,.,130,132,0.8753704,1.8284574,6.12013,-0.13306376,2,0,0
A,131,.,.,.,ASN,.,A,146,.,.,.,HIS,.,130,145,8.550679,3.72543,5.18895,0.47677113,5,0,0
A,131,.,.,.,ASN,.,A,147,.,.,.,ASN,.,130,146,13.6711,6.14031,4.87104,-8.80442,5,0,0
A,132,.,.,.,ASP,.,A,133,.,.,.,ILE,.,131,132,28.82604,0,1.33024,0,1,1,0
A,132,.,.,.,ASP,.,A,145,.,.,.,SER,.,131,144,18.9046798779114,3.593151,3.28396,-12.5077697968869,5,0,1
A,132,.,.,.,ASP,.,A,146,.,.,.,HIS,.,131,145,7.604008,0,4.25722,0.308591,5,0,0
A,132,.,.,.,ASP,.,A,147,.,.,.,ASN,.,131,146,18.7786732,5.422602,3.79916,-12.86936257,5,0,0
A,133,.,.,.,ILE,.,A,134,.,.,.,ALA,.,132,133,18.642604,0,1.32789,0,1,1,0
A,133,.,.,.,ILE,.,A,135,.,.,.,LEU,.,132,134,12.5012459,0,3.87713,-15.5086739,2,0,0
A,133,.,.,.,ILE,.,A,144,.,.,.,PHE,.,132,143,0.718354,0,3.57877,-0.0176181,5,0,0
A,133,.,.,.,ILE,.,A,145,.,.,.,SER,.,132,144,7.73403614,0,3.03148,-1.63404005,5,0,0
A,133,.,.,.,ILE,.,A,146,.,.,.,HIS,.,132,145,44.3827929,3.86728,2.85131,-21.21046903,5,0,1
A,134,.,.,.,ALA,.,A,135,.,.,.,LEU,.,133,134,19.6834776,0,1.33021,0,1,1,0
A,134,.,.,.,ALA,.,A,136,.,.,.,LYS,.,133,135,0.932346,0,4.1444,1.462222,2,0,0
A,134,.,.,.,ALA,.,A,143,.,.,.,GLU,.,133,142,16.6725579,0,3.33847,3.7010324,5,0,0
A,134,.,.,.,ALA,.,A,144,.,.,.,PHE,.,133,143,5.72887,0,3.19695,-2.456792,5,0,0
A,134,.,.,.,ALA,.,A,145,.,.,.,SER,.,133,144,0.0680359,0,4.5858,0.0270526,5,0,0
A,135,.,.,.,LEU,.,A,136,.,.,.,LYS,.,134,135,16.1336958,0,1.33103,0,1,1,0
A,135,.,.,.,LEU,.,A,137,.,.,.,CYS,.,134,136,1.08801691,0,3.88979,0.64630092,2,0,0
A,135,.,.,.,LEU,.,A,142,.,.,.,LYS,.,134,141,2.5427,0,3.70471,2.66407,5,0,0
A,135,.,.,.,LEU,.,A,143,.,.,.,GLU,.,134,142,8.68209,0,3.40224,7.6410639,5,0,0
A,135,.,.,.,LEU,.,A,144,.,.,.,PHE,.,134,143,18.1743515,0,2.84598,-18.7765878,5,0,1
A,135,.,.,.,LEU,.,A,145,.,.,.,SER,.,134,144,0.7128764,0,5.20426,0.0509353,5,0,0
A,135,.,.,.,LEU,.,A,146,.,.,.,HIS,.,134,145,14.29423254,0,4.12105,-5.45326127,5,0,0
A,135,.,.,.,LEU,.,A,149,.,.,.,VAL,.,134,148,17.0331287,0,4.16205,-26.2161,5,0,0
A,135,.,.,.,LEU,.,A,150,.,.,.,LEU,.,134,149,0.0781562,0,6.35262,-0.129239,5,0,0
A,136,.,.,.,LYS,.,A,137,.,.,.,CYS,.,135,136,24.160034,0,1.32985,0,1,1,0
A,136,.,.,.,LYS,.,A,138,.,.,.,LYS,.,135,137,9.9962614503,1.719163,3.39188,8.93228853721,2,0,0
A,136,.,.,.,LYS,.,A,141,.,.,.,GLU,.,135,140,60.1481982,15.959837,3.54873,-29.52040255,5,0,0
A,136,.,.,.,LYS,.,A,142,.,.,.,LYS,.,135,141,5.672034314,0,3.49296,2.82346148,5,0,0
A,136,.,.,.,LYS,.,A,143,.,.,.,GLU,.,135,142,42.19367451,6.482909,4.1216,-17.31797122,5,0,0
A,137,.,.,.,CYS,.,A,138,.,.,.,LYS,.,136,137,21.911338,0,1.32883,0,1,1,0
A,137,.,.,.,CYS,.,A,139,.,.,.,TYR,.,136,138,15.645932,0,3.10959,-10.23732795,2,0,1
A,137,.,.,.,CYS,.,A,140,.,.,.,CYS,.,136,139,8.92141627,0,3.56312,-23.28060595,3,0,0
A,137,.,.,.,CYS,.,A,141,.,.,.,GLU,.,136,140,15.5918781,0,2.95212,3.10249879,4,0,1
A,137,.,.,.,CYS,.,A,142,.,.,.,LYS,.,136,141,15.801294,0,3.01356,-0.421846,5,0,1
A,137,.,.,.,CYS,.,A,144,.,.,.,PHE,.,136,143,0.15719924,0,6.34464,-0.19320572,5,0,0
A,138,.,.,.,LYS,.,A,139,.,.,.,TYR,.,137,138,67.05516413,13.078024,1.33082,0,1,1,0
A,138,.,.,.,LYS,.,A,141,.,.,.,GLU,.,137,140,22.809148,7.844924,4.33247,17.3377752,3,0,0
A,139,.,.,.,TYR,.,A,140,.,.,.,CYS,.,138,139,29.7093187,3.170987,1.32753,0,1,1,0
A,139,.,.,.,TYR,.,A,141,.,.,.,GLU,.,138,140,21.229187,6.13993,3.19307,19.5339497,2,0,0
A,140,.,.,.,CYS,.,A,141,.,.,.,GLU,.,139,140,34.4804591,4.26722,1.32669,0,1,1,0
A,140,.,.,.,CYS,.,A,142,.,.,.,LYS,.,139,141,39.541971,7.062287,3.16242,8.038266,2,0,0
A,141,.,.,.,GLU,.,A,142,.,.,.,LYS,.,140,141,36.8193894,8.0173131,1.33055,0,1,1,0
A,141,.,.,.,GLU,.,A,143,.,.,.,GLU,.,140,142,7.47748,2.789586,3.98996,9.0668,2,0,0
A,142,.,.,.,LYS,.,A,143,.,.,.,GLU,.,141,142,31.6646631,4.8233006,1.3326,0,1,1,0
A,142,.,.,.,LYS,.,A,144,.,.,.,PHE,.,141,143,29.417468,4.07078,3.7278,-13.30017344,2,0,0
A,143,.,.,.,GLU,.,A,144,.,.,.,PHE,.,142,143,50.061563,7.02553,1.32954,0,1,1,0
A,144,.,.,.,PHE,.,A,145,.,.,.,SER,.,143,144,26.9596314,0.691719,1.32954,0,1,1,0
A,144,.,.,.,PHE,.,A,146,.,.,.,HIS,.,143,145,0.0694954,0,4.18629,0.0371128,2,0,0
A,144,.,.,.,PHE,.,A,148,.,.,.,VAL,.,143,147,35.577215,9.276872,3.97936,-44.548916,4,0,0
A,144,.,.,.,PHE,.,A,149,.,.,.,VAL,.,143,148,9.964245,0,4.25919,-13.552522,5,0,0
A,145,.,.,.,SER,.,A,146,.,.,.,HIS,.,144,145,20.132393,0,1.33015,0,1,1,0
A,145,.,.,.,SER,.,A,147,.,.,.,ASN,.,144,146,17.026064,0.450346,2.91269,-2.0972848,2,0,0
A,145,.,.,.,SER,.,A,148,.,.,.,VAL,.,144,147,31.224018,5.679062,2.67804,-11.74399871,3,0,1
A,145,.,.,.,SER,.,A,149,.,.,.,VAL,.,144,148,7.405351,0,3.09993,-3.8628287,4,0,1
A,146,.,.,.,HIS,.,A,147,.,.,.,ASN,.,145,146,49.1789353,5.80776,1.32781,0,1,1,0
A,146,.,.,.,HIS,.,A,148,.,.,.,VAL,.,145,147,1.142357,0,3.10251,1.574757,2,0,0
A,146,.,.,.,HIS,.,A,149,.,.,.,VAL,.,145,148,9.3820467504375,0,3.3368,1.2663531686737,3,0,0
A,146,.,.,.,HIS,.,A,150,.,.,.,LEU,.,145,149,32.97135,1.82801,2.84394,-17.750765,4,0,1
A,147,.,.,.,ASN,.,A,148,.,.,.,VAL,.,146,147,34.734241,5.8890263,1.32956,0,1,1,0
A,147,.,.,.,ASN,.,A,149,.,.,.,VAL,.,146,148,0.116085,0,3.53728,0.176805,2,0,0
A,147,.,.,.,ASN,.,A,150,.,.,.,LEU,.,146,149,19.7757165,5.282628,3.83825,9.4752011,3,0,0
A,147,.,.,.,ASN,.,A,151,.,.,.,ALA,.,146,150,25.72034,7.7554,3.51249,1.842047,4,0,0
A,148,.,.,.,VAL,.,A,149,.,.,.,VAL,.,147,148,16.79285702,0,1.32941,0,1,1,0
A,148,.,.,.,VAL,.,A,150,.,.,.,LEU,.,147,149,2.118101,0,3.14828,4.004234,2,0,0
A,148,.,.,.,VAL,.,A,151,.,.,.,ALA,.,147,150,13.2229447,3.357198,3.14914,-3.61474394,3,0,1
A,148,.,.,.,VAL,.,A,152,.,.,.,ASN,.,147,151,24.505095,4.4943256,3.22688,4.4790067,4,0,0
A,149,.,.,.,VAL,.,A,150,.,.,.,LEU,.,148,149,29.355317,1.898044,1.32697,0,1,1,0
A,149,.,.,.,VAL,.,A,151,.,.,.,ALA,.,148,150,1.290005,0,3.3927,2.2745376,2,0,0
A,149,.,.,.,VAL,.,A,152,.,.,.,ASN,.,148,151,16.586778,0.626646,3.01326,-3.9697232,3,0,1
A,150,.,.,.,LEU,.,A,151,.,.,.,ALA,.,149,150,46.8892753,13.06898,1.32871,0,1,1,0
A,150,.,.,.,LEU,.,A,152,.,.,.,ASN,.,149,151,3.8802618,1.4485018,4.53663,1.26809,2,0,0
A,151,.,.,.,ALA,.,A,152,.,.,.,ASN,.,150,151,70.292125,20.088009,1.33853,0,1,1,0
